iso_timestamp,unix_ts,cpu_pct,mem_used_gb,mem_total_gb,mem_pct,disk_used_gb,disk_total_gb,disk_pct,load_1m,load_5m,load_15m
2026-05-16T15:13:55+00:00,1778944435.541,99.89,43.921,125.789,34.92,72.775,155.643,46.76,36.18,35.72,35.52
2026-05-16T15:14:00+00:00,1778944440.542,99.89,43.931,125.789,34.92,72.782,155.643,46.76,35.84,35.66,35.50
2026-05-16T15:14:05+00:00,1778944445.543,99.87,43.939,125.789,34.93,72.790,155.643,46.77,36.09,35.72,35.52
2026-05-16T15:14:10+00:00,1778944450.545,99.87,43.941,125.789,34.93,72.796,155.643,46.77,35.93,35.69,35.51
2026-05-16T15:14:15+00:00,1778944455.546,99.89,43.947,125.789,34.94,72.802,155.643,46.77,35.61,35.63,35.49
2026-05-16T15:14:20+00:00,1778944460.547,99.88,43.957,125.789,34.95,72.808,155.643,46.78,35.64,35.63,35.50
2026-05-16T15:14:25+00:00,1778944465.549,99.83,43.963,125.789,34.95,72.815,155.643,46.78,36.31,35.77,35.54
2026-05-16T15:14:30+00:00,1778944470.550,99.87,44.079,125.789,35.04,72.823,155.643,46.79,36.05,35.73,35.53
2026-05-16T15:14:35+00:00,1778944475.552,99.84,44.065,125.789,35.03,72.832,155.643,46.79,36.04,35.73,35.53
2026-05-16T15:14:40+00:00,1778944480.553,99.89,44.073,125.789,35.04,72.845,155.643,46.80,35.88,35.70,35.52
2026-05-16T15:14:45+00:00,1778944485.554,99.89,44.095,125.789,35.05,72.862,155.643,46.81,35.57,35.64,35.51
2026-05-16T15:14:50+00:00,1778944490.556,99.89,44.081,125.789,35.04,72.879,155.643,46.82,35.28,35.58,35.49
2026-05-16T15:14:55+00:00,1778944495.557,99.88,44.058,125.789,35.03,72.890,155.643,46.83,35.02,35.52,35.47
2026-05-16T15:15:00+00:00,1778944500.558,99.87,44.052,125.789,35.02,72.900,155.643,46.84,34.78,35.46,35.45
2026-05-16T15:15:05+00:00,1778944505.560,99.88,44.044,125.789,35.01,72.909,155.643,46.84,34.95,35.49,35.46
2026-05-16T15:15:10+00:00,1778944510.561,99.88,44.062,125.789,35.03,72.918,155.643,46.85,34.72,35.43,35.44
2026-05-16T15:15:15+00:00,1778944515.562,99.88,44.068,125.789,35.03,72.927,155.643,46.86,34.58,35.39,35.42
2026-05-16T15:15:20+00:00,1778944520.564,99.86,44.072,125.789,35.04,72.935,155.643,46.86,34.37,35.33,35.41
2026-05-16T15:15:25+00:00,1778944525.565,99.88,44.079,125.789,35.04,72.942,155.643,46.87,34.50,35.34,35.41
2026-05-16T15:15:30+00:00,1778944530.566,99.88,44.088,125.789,35.05,72.949,155.643,46.87,34.30,35.29,35.39
2026-05-16T15:15:35+00:00,1778944535.568,99.88,44.096,125.789,35.06,72.956,155.643,46.87,34.20,35.25,35.38
2026-05-16T15:15:40+00:00,1778944540.569,99.86,44.105,125.789,35.06,72.964,155.643,46.88,34.34,35.26,35.38
2026-05-16T15:15:45+00:00,1778944545.570,99.87,44.110,125.789,35.07,72.972,155.643,46.88,34.24,35.23,35.37
2026-05-16T15:15:50+00:00,1778944550.572,99.88,44.118,125.789,35.07,72.978,155.643,46.89,35.26,35.42,35.43
2026-05-16T15:15:55+00:00,1778944555.573,99.89,44.123,125.789,35.08,72.985,155.643,46.89,35.16,35.40,35.42
2026-05-16T15:16:00+00:00,1778944560.574,99.87,44.134,125.789,35.09,72.993,155.643,46.90,34.90,35.34,35.40
2026-05-16T15:16:05+00:00,1778944565.576,99.88,44.244,125.789,35.17,73.000,155.643,46.90,35.07,35.37,35.41
2026-05-16T15:16:10+00:00,1778944570.577,99.87,44.234,125.789,35.17,73.010,155.643,46.91,35.31,35.41,35.43
2026-05-16T15:16:15+00:00,1778944575.578,99.86,44.265,125.789,35.19,73.023,155.643,46.92,35.28,35.41,35.42
2026-05-16T15:16:20+00:00,1778944580.580,99.87,44.267,125.789,35.19,73.042,155.643,46.93,35.02,35.35,35.41
2026-05-16T15:16:25+00:00,1778944585.581,99.87,44.249,125.789,35.18,73.061,155.643,46.94,34.70,35.28,35.38
2026-05-16T15:16:30+00:00,1778944590.582,99.86,44.221,125.789,35.15,73.074,155.643,46.95,34.56,35.24,35.37
2026-05-16T15:16:35+00:00,1778944595.584,99.87,44.223,125.789,35.16,73.085,155.643,46.96,34.35,35.18,35.35
2026-05-16T15:16:40+00:00,1778944600.585,99.87,44.212,125.789,35.15,73.095,155.643,46.96,34.97,35.30,35.39
2026-05-16T15:16:45+00:00,1778944605.586,99.86,44.223,125.789,35.16,73.104,155.643,46.97,34.81,35.26,35.37
2026-05-16T15:16:50+00:00,1778944610.588,99.87,44.220,125.789,35.15,73.113,155.643,46.97,35.47,35.39,35.41
2026-05-16T15:16:55+00:00,1778944615.589,99.87,44.227,125.789,35.16,73.121,155.643,46.98,35.51,35.40,35.42
2026-05-16T15:17:00+00:00,1778944620.590,99.87,44.233,125.789,35.16,73.127,155.643,46.98,35.31,35.36,35.40
2026-05-16T15:17:05+00:00,1778944625.592,99.88,44.248,125.789,35.18,73.135,155.643,46.99,35.44,35.39,35.41
2026-05-16T15:17:10+00:00,1778944630.593,99.88,44.255,125.789,35.18,73.142,155.643,46.99,35.17,35.33,35.39
2026-05-16T15:17:15+00:00,1778944635.594,99.87,44.261,125.789,35.19,73.150,155.643,47.00,35.15,35.32,35.39
2026-05-16T15:17:20+00:00,1778944640.596,99.88,44.269,125.789,35.19,73.157,155.643,47.00,34.90,35.27,35.37
2026-05-16T15:17:25+00:00,1778944645.597,99.87,44.290,125.789,35.21,73.163,155.643,47.01,35.31,35.35,35.40
2026-05-16T15:17:30+00:00,1778944650.598,99.87,44.300,125.789,35.22,73.171,155.643,47.01,35.93,35.47,35.44
2026-05-16T15:17:35+00:00,1778944655.600,99.88,44.303,125.789,35.22,73.179,155.643,47.02,35.61,35.42,35.42
2026-05-16T15:17:40+00:00,1778944660.601,99.85,44.419,125.789,35.31,73.188,155.643,47.02,35.40,35.38,35.41
2026-05-16T15:17:45+00:00,1778944665.602,99.89,44.408,125.789,35.30,73.200,155.643,47.03,35.13,35.32,35.39
2026-05-16T15:17:50+00:00,1778944670.604,99.89,44.403,125.789,35.30,73.218,155.643,47.04,34.96,35.28,35.38
2026-05-16T15:17:55+00:00,1778944675.605,99.89,44.399,125.789,35.30,73.237,155.643,47.05,35.60,35.41,35.42
2026-05-16T15:18:00+00:00,1778944680.606,99.89,44.382,125.789,35.28,73.251,155.643,47.06,35.31,35.35,35.40
2026-05-16T15:18:05+00:00,1778944685.608,99.89,44.381,125.789,35.28,73.261,155.643,47.07,35.29,35.35,35.40
2026-05-16T15:18:10+00:00,1778944690.609,99.88,44.367,125.789,35.27,73.272,155.643,47.08,35.10,35.31,35.38
2026-05-16T15:18:15+00:00,1778944695.610,99.88,44.362,125.789,35.27,73.281,155.643,47.08,35.66,35.42,35.42
2026-05-16T15:18:20+00:00,1778944700.612,99.87,44.369,125.789,35.27,73.289,155.643,47.09,35.85,35.46,35.43
2026-05-16T15:18:25+00:00,1778944705.613,99.87,44.375,125.789,35.28,73.297,155.643,47.09,35.54,35.40,35.41
2026-05-16T15:18:30+00:00,1778944710.614,99.87,44.384,125.789,35.28,73.304,155.643,47.10,35.41,35.38,35.41
2026-05-16T15:18:35+00:00,1778944715.616,99.86,44.390,125.789,35.29,73.312,155.643,47.10,35.78,35.46,35.43
2026-05-16T15:18:40+00:00,1778944720.617,99.89,44.400,125.789,35.30,73.319,155.643,47.11,35.72,35.45,35.43
2026-05-16T15:18:45+00:00,1778944725.618,99.88,44.411,125.789,35.31,73.326,155.643,47.11,35.50,35.41,35.42
2026-05-16T15:18:50+00:00,1778944730.620,99.86,44.421,125.789,35.31,73.332,155.643,47.12,35.78,35.47,35.44
2026-05-16T15:18:55+00:00,1778944735.621,99.87,44.430,125.789,35.32,73.338,155.643,47.12,35.48,35.41,35.42
2026-05-16T15:19:00+00:00,1778944740.622,99.89,44.433,125.789,35.32,73.345,155.643,47.12,35.68,35.45,35.43
2026-05-16T15:19:05+00:00,1778944745.624,99.87,44.438,125.789,35.33,73.353,155.643,47.13,35.38,35.40,35.41
2026-05-16T15:19:10+00:00,1778944750.625,99.88,44.561,125.789,35.43,73.363,155.643,47.14,35.59,35.44,35.43
2026-05-16T15:19:15+00:00,1778944755.626,99.87,44.550,125.789,35.42,73.375,155.643,47.14,35.31,35.38,35.41
2026-05-16T15:19:20+00:00,1778944760.628,99.86,44.567,125.789,35.43,73.391,155.643,47.15,35.12,35.34,35.39
2026-05-16T15:19:25+00:00,1778944765.629,99.87,44.562,125.789,35.43,73.411,155.643,47.17,35.03,35.32,35.39
2026-05-16T15:19:30+00:00,1778944770.630,99.90,44.547,125.789,35.41,73.428,155.643,47.18,34.87,35.28,35.37
2026-05-16T15:19:35+00:00,1778944775.632,99.89,44.531,125.789,35.40,73.438,155.643,47.18,34.64,35.23,35.36
2026-05-16T15:19:40+00:00,1778944780.633,99.87,44.528,125.789,35.40,73.449,155.643,47.19,34.43,35.17,35.34
2026-05-16T15:19:45+00:00,1778944785.634,99.88,44.517,125.789,35.39,73.459,155.643,47.20,34.31,35.14,35.32
2026-05-16T15:19:50+00:00,1778944790.636,99.87,44.514,125.789,35.39,73.468,155.643,47.20,34.29,35.12,35.32
2026-05-16T15:19:55+00:00,1778944795.637,99.88,44.516,125.789,35.39,73.477,155.643,47.21,34.10,35.07,35.30
2026-05-16T15:20:00+00:00,1778944800.638,99.88,44.524,125.789,35.40,73.484,155.643,47.21,34.02,35.03,35.29
2026-05-16T15:20:05+00:00,1778944805.640,99.88,44.531,125.789,35.40,73.491,155.643,47.22,34.57,35.13,35.32
2026-05-16T15:20:10+00:00,1778944810.641,99.87,44.535,125.789,35.40,73.500,155.643,47.22,35.17,35.25,35.35
2026-05-16T15:20:15+00:00,1778944815.642,99.89,44.546,125.789,35.41,73.508,155.643,47.23,35.56,35.32,35.38
2026-05-16T15:20:20+00:00,1778944820.644,99.89,44.551,125.789,35.42,73.516,155.643,47.23,35.99,35.42,35.41
2026-05-16T15:20:25+00:00,1778944825.645,99.87,44.559,125.789,35.42,73.521,155.643,47.24,35.67,35.36,35.39
2026-05-16T15:20:30+00:00,1778944830.646,99.87,44.566,125.789,35.43,73.528,155.643,47.24,35.46,35.32,35.38
2026-05-16T15:20:35+00:00,1778944835.648,99.87,44.568,125.789,35.43,73.536,155.643,47.25,35.26,35.28,35.36
2026-05-16T15:20:40+00:00,1778944840.649,99.89,44.673,125.789,35.51,73.545,155.643,47.25,35.08,35.25,35.35
2026-05-16T15:20:45+00:00,1778944845.650,99.87,44.666,125.789,35.51,73.555,155.643,47.26,34.99,35.22,35.34
2026-05-16T15:20:50+00:00,1778944850.651,99.91,44.671,125.789,35.51,73.569,155.643,47.27,34.99,35.22,35.34
2026-05-16T15:20:55+00:00,1778944855.653,99.88,44.671,125.789,35.51,73.588,155.643,47.28,34.91,35.20,35.33
2026-05-16T15:21:00+00:00,1778944860.654,99.89,44.658,125.789,35.50,73.604,155.643,47.29,34.68,35.15,35.32
2026-05-16T15:21:05+00:00,1778944865.656,99.87,44.647,125.789,35.49,73.613,155.643,47.30,34.47,35.09,35.30
2026-05-16T15:21:10+00:00,1778944870.657,99.88,44.644,125.789,35.49,73.624,155.643,47.30,35.23,35.24,35.35
2026-05-16T15:21:15+00:00,1778944875.658,99.88,44.629,125.789,35.48,73.634,155.643,47.31,35.21,35.24,35.34
2026-05-16T15:21:20+00:00,1778944880.660,99.89,44.645,125.789,35.49,73.644,155.643,47.32,34.95,35.18,35.33
2026-05-16T15:21:25+00:00,1778944885.661,99.88,44.652,125.789,35.50,73.652,155.643,47.32,35.04,35.20,35.33
2026-05-16T15:21:30+00:00,1778944890.662,99.89,44.659,125.789,35.50,73.660,155.643,47.33,34.87,35.16,35.32
2026-05-16T15:21:35+00:00,1778944895.664,99.89,44.666,125.789,35.51,73.669,155.643,47.33,34.72,35.12,35.30
2026-05-16T15:21:40+00:00,1778944900.665,99.87,44.675,125.789,35.52,73.676,155.643,47.34,34.59,35.09,35.29
2026-05-16T15:21:45+00:00,1778944905.666,99.88,44.686,125.789,35.52,73.684,155.643,47.34,34.46,35.05,35.28
2026-05-16T15:21:50+00:00,1778944910.668,99.88,44.692,125.789,35.53,73.690,155.643,47.35,34.42,35.04,35.27
2026-05-16T15:21:55+00:00,1778944915.669,99.86,44.705,125.789,35.54,73.696,155.643,47.35,34.47,35.04,35.27
2026-05-16T15:22:00+00:00,1778944920.670,99.87,44.728,125.789,35.56,73.702,155.643,47.35,35.47,35.23,35.33
2026-05-16T15:22:05+00:00,1778944925.672,99.89,44.739,125.789,35.57,73.710,155.643,47.36,35.51,35.25,35.34
2026-05-16T15:22:10+00:00,1778944930.673,99.88,44.839,125.789,35.65,73.718,155.643,47.36,35.31,35.21,35.32
2026-05-16T15:22:15+00:00,1778944935.674,99.91,44.836,125.789,35.64,73.728,155.643,47.37,35.29,35.21,35.32
2026-05-16T15:22:20+00:00,1778944940.676,99.88,44.846,125.789,35.65,73.743,155.643,47.38,35.50,35.25,35.34
2026-05-16T15:22:25+00:00,1778944945.677,99.87,44.847,125.789,35.65,73.760,155.643,47.39,35.62,35.28,35.35
2026-05-16T15:22:30+00:00,1778944950.678,99.88,44.838,125.789,35.65,73.778,155.643,47.40,35.41,35.24,35.33
2026-05-16T15:22:35+00:00,1778944955.680,99.89,44.822,125.789,35.63,73.791,155.643,47.41,35.78,35.32,35.36
2026-05-16T15:22:40+00:00,1778944960.681,99.87,44.807,125.789,35.62,73.802,155.643,47.42,35.96,35.37,35.37
2026-05-16T15:22:45+00:00,1778944965.683,99.90,44.806,125.789,35.62,73.812,155.643,47.42,36.20,35.43,35.39
2026-05-16T15:22:50+00:00,1778944970.684,99.87,44.816,125.789,35.63,73.822,155.643,47.43,35.87,35.37,35.37
2026-05-16T15:22:55+00:00,1778944975.685,99.89,44.829,125.789,35.64,73.830,155.643,47.44,35.56,35.31,35.36
2026-05-16T15:23:00+00:00,1778944980.686,99.87,44.837,125.789,35.64,73.838,155.643,47.44,35.51,35.31,35.35
2026-05-16T15:23:05+00:00,1778944985.688,99.87,44.844,125.789,35.65,73.844,155.643,47.44,35.23,35.25,35.34
2026-05-16T15:23:10+00:00,1778944990.689,99.87,44.854,125.789,35.66,73.853,155.643,47.45,35.13,35.23,35.33
2026-05-16T15:23:15+00:00,1778944995.690,99.85,44.863,125.789,35.67,73.861,155.643,47.46,35.12,35.23,35.33
2026-05-16T15:23:20+00:00,1778945000.692,99.86,44.874,125.789,35.67,73.869,155.643,47.46,34.95,35.19,35.31
2026-05-16T15:23:25+00:00,1778945005.693,99.87,44.884,125.789,35.68,73.876,155.643,47.47,35.84,35.37,35.37
2026-05-16T15:23:30+00:00,1778945010.694,99.87,44.890,125.789,35.69,73.881,155.643,47.47,36.25,35.47,35.40
2026-05-16T15:23:35+00:00,1778945015.696,99.88,44.906,125.789,35.70,73.888,155.643,47.47,36.07,35.44,35.39
2026-05-16T15:23:40+00:00,1778945020.697,99.88,44.903,125.789,35.70,73.895,155.643,47.48,35.82,35.40,35.38
2026-05-16T15:23:45+00:00,1778945025.699,99.86,45.002,125.789,35.78,73.903,155.643,47.48,36.08,35.46,35.40
2026-05-16T15:23:50+00:00,1778945030.700,99.89,44.993,125.789,35.77,73.912,155.643,47.49,36.23,35.50,35.41
2026-05-16T15:23:55+00:00,1778945035.701,99.88,45.001,125.789,35.78,73.924,155.643,47.50,36.61,35.59,35.44
2026-05-16T15:24:00+00:00,1778945040.702,99.89,45.002,125.789,35.78,73.943,155.643,47.51,36.24,35.53,35.43
2026-05-16T15:24:05+00:00,1778945045.704,99.89,45.006,125.789,35.78,73.960,155.643,47.52,36.06,35.51,35.42
2026-05-16T15:24:10+00:00,1778945050.705,99.88,44.984,125.789,35.76,73.972,155.643,47.53,36.06,35.52,35.42
2026-05-16T15:24:15+00:00,1778945055.706,99.90,44.984,125.789,35.76,73.982,155.643,47.53,35.97,35.51,35.42
2026-05-16T15:24:20+00:00,1778945060.708,99.87,44.974,125.789,35.75,73.992,155.643,47.54,36.30,35.58,35.44
2026-05-16T15:24:25+00:00,1778945065.709,99.87,44.982,125.789,35.76,74.001,155.643,47.55,36.03,35.54,35.43
2026-05-16T15:24:30+00:00,1778945070.710,99.90,44.967,125.789,35.75,74.010,155.643,47.55,35.71,35.48,35.41
2026-05-16T15:24:35+00:00,1778945075.712,99.89,44.978,125.789,35.76,74.016,155.643,47.55,35.97,35.54,35.43
2026-05-16T15:24:40+00:00,1778945080.713,99.87,44.994,125.789,35.77,74.022,155.643,47.56,35.65,35.48,35.41
2026-05-16T15:24:45+00:00,1778945085.714,99.86,44.987,125.789,35.76,74.029,155.643,47.56,35.36,35.42,35.39
2026-05-16T15:24:50+00:00,1778945090.716,99.87,44.981,125.789,35.76,74.037,155.643,47.57,36.13,35.58,35.45
2026-05-16T15:24:55+00:00,1778945095.717,99.89,44.991,125.789,35.77,74.044,155.643,47.57,35.88,35.54,35.43
2026-05-16T15:25:00+00:00,1778945100.719,99.89,44.973,125.789,35.75,74.050,155.643,47.58,35.57,35.48,35.41
2026-05-16T15:25:05+00:00,1778945105.720,99.89,44.986,125.789,35.76,74.056,155.643,47.58,36.73,35.72,35.49
2026-05-16T15:25:10+00:00,1778945110.721,99.89,45.010,125.789,35.78,74.062,155.643,47.58,36.35,35.66,35.47
2026-05-16T15:25:15+00:00,1778945115.723,99.87,45.011,125.789,35.78,74.068,155.643,47.59,36.00,35.60,35.46
2026-05-16T15:25:20+00:00,1778945120.724,99.87,45.025,125.789,35.79,74.076,155.643,47.59,35.68,35.54,35.44
2026-05-16T15:25:25+00:00,1778945125.725,99.88,45.106,125.789,35.86,74.084,155.643,47.60,35.38,35.48,35.42
2026-05-16T15:25:30+00:00,1778945130.727,99.87,45.106,125.789,35.86,74.096,155.643,47.61,35.99,35.60,35.46
2026-05-16T15:25:35+00:00,1778945135.728,99.87,45.115,125.789,35.87,74.110,155.643,47.62,35.91,35.59,35.46
2026-05-16T15:25:40+00:00,1778945140.730,99.87,45.116,125.789,35.87,74.130,155.643,47.63,36.48,35.72,35.50
2026-05-16T15:25:45+00:00,1778945145.731,99.89,45.104,125.789,35.86,74.147,155.643,47.64,37.16,35.87,35.55
2026-05-16T15:25:50+00:00,1778945150.732,99.87,45.079,125.789,35.84,74.157,155.643,47.65,36.83,35.82,35.53
2026-05-16T15:25:55+00:00,1778945155.734,99.88,45.085,125.789,35.84,74.167,155.643,47.65,36.44,35.76,35.51
2026-05-16T15:26:00+00:00,1778945160.735,99.89,45.041,125.789,35.81,74.176,155.643,47.66,36.09,35.70,35.50
2026-05-16T15:26:05+00:00,1778945165.736,99.89,45.048,125.789,35.81,74.184,155.643,47.66,36.24,35.73,35.51
2026-05-16T15:26:10+00:00,1778945170.738,99.86,45.054,125.789,35.82,74.192,155.643,47.67,35.82,35.66,35.48
2026-05-16T15:26:15+00:00,1778945175.739,99.88,45.065,125.789,35.83,74.200,155.643,47.67,35.75,35.64,35.48
2026-05-16T15:26:20+00:00,1778945180.740,99.86,45.076,125.789,35.83,74.207,155.643,47.68,35.45,35.58,35.46
2026-05-16T15:26:25+00:00,1778945185.742,99.87,45.079,125.789,35.84,74.214,155.643,47.68,35.26,35.54,35.45
2026-05-16T15:26:30+00:00,1778945190.743,99.87,45.087,125.789,35.84,74.222,155.643,47.69,35.24,35.53,35.45
2026-05-16T15:26:35+00:00,1778945195.745,99.89,45.087,125.789,35.84,74.231,155.643,47.69,35.22,35.52,35.44
2026-05-16T15:26:40+00:00,1778945200.746,99.87,45.092,125.789,35.85,74.239,155.643,47.70,35.04,35.48,35.43
2026-05-16T15:26:45+00:00,1778945205.747,99.88,45.096,125.789,35.85,74.246,155.643,47.70,34.80,35.42,35.41
2026-05-16T15:26:50+00:00,1778945210.749,99.87,45.109,125.789,35.86,74.253,155.643,47.71,34.65,35.38,35.40
2026-05-16T15:26:55+00:00,1778945215.750,99.88,45.139,125.789,35.88,74.260,155.643,47.71,34.60,35.36,35.39
2026-05-16T15:27:00+00:00,1778945220.751,99.89,45.217,125.789,35.95,74.266,155.643,47.72,34.47,35.32,35.38
2026-05-16T15:27:05+00:00,1778945225.753,99.87,45.204,125.789,35.94,74.277,155.643,47.72,34.75,35.36,35.39
2026-05-16T15:27:10+00:00,1778945230.754,99.89,45.228,125.789,35.96,74.291,155.643,47.73,35.49,35.51,35.44
2026-05-16T15:27:15+00:00,1778945235.755,99.90,45.228,125.789,35.96,74.309,155.643,47.74,35.78,35.57,35.46
2026-05-16T15:27:20+00:00,1778945240.757,99.87,45.216,125.789,35.95,74.324,155.643,47.75,35.55,35.52,35.44
2026-05-16T15:27:25+00:00,1778945245.758,99.87,45.195,125.789,35.93,74.334,155.643,47.76,35.27,35.46,35.43
2026-05-16T15:27:30+00:00,1778945250.759,99.89,45.198,125.789,35.93,74.344,155.643,47.77,35.17,35.44,35.42
2026-05-16T15:27:35+00:00,1778945255.761,99.87,45.193,125.789,35.93,74.354,155.643,47.77,34.99,35.40,35.41
2026-05-16T15:27:40+00:00,1778945260.762,99.87,45.202,125.789,35.94,74.363,155.643,47.78,35.55,35.51,35.44
2026-05-16T15:27:45+00:00,1778945265.763,99.89,45.210,125.789,35.94,74.371,155.643,47.78,36.23,35.65,35.49
2026-05-16T15:27:50+00:00,1778945270.765,99.87,45.224,125.789,35.95,74.377,155.643,47.79,35.89,35.59,35.47
2026-05-16T15:27:55+00:00,1778945275.766,99.87,45.230,125.789,35.96,74.385,155.643,47.79,35.66,35.55,35.45
2026-05-16T15:28:00+00:00,1778945280.767,99.89,45.238,125.789,35.96,74.392,155.643,47.80,35.93,35.60,35.47
2026-05-16T15:28:05+00:00,1778945285.769,99.87,45.260,125.789,35.98,74.399,155.643,47.80,35.61,35.54,35.45
2026-05-16T15:28:10+00:00,1778945290.770,99.88,45.270,125.789,35.99,74.406,155.643,47.81,35.40,35.50,35.44
2026-05-16T15:28:15+00:00,1778945295.771,99.88,45.306,125.789,36.02,74.413,155.643,47.81,36.01,35.63,35.48
2026-05-16T15:28:20+00:00,1778945300.773,99.87,45.332,125.789,36.04,74.419,155.643,47.81,35.69,35.57,35.46
2026-05-16T15:28:25+00:00,1778945305.774,99.86,45.331,125.789,36.04,74.426,155.643,47.82,35.47,35.52,35.45
2026-05-16T15:28:30+00:00,1778945310.775,99.88,45.336,125.789,36.04,74.434,155.643,47.82,35.20,35.46,35.43
2026-05-16T15:28:35+00:00,1778945315.777,99.87,45.446,125.789,36.13,74.444,155.643,47.83,34.94,35.41,35.41
2026-05-16T15:28:40+00:00,1778945320.779,99.87,45.452,125.789,36.13,74.456,155.643,47.84,35.75,35.57,35.46
2026-05-16T15:28:45+00:00,1778945325.780,99.87,45.457,125.789,36.14,74.472,155.643,47.85,35.61,35.54,35.46
2026-05-16T15:28:50+00:00,1778945330.781,99.88,45.469,125.789,36.15,74.493,155.643,47.86,35.32,35.48,35.44
2026-05-16T15:28:55+00:00,1778945335.783,99.89,45.439,125.789,36.12,74.507,155.643,47.87,35.05,35.42,35.42
2026-05-16T15:29:00+00:00,1778945340.784,99.88,45.434,125.789,36.12,74.518,155.643,47.88,35.37,35.48,35.44
2026-05-16T15:29:05+00:00,1778945345.785,99.87,45.441,125.789,36.12,74.528,155.643,47.88,35.50,35.51,35.45
2026-05-16T15:29:10+00:00,1778945350.786,99.88,45.437,125.789,36.12,74.538,155.643,47.89,35.46,35.50,35.44
2026-05-16T15:29:15+00:00,1778945355.788,99.86,45.446,125.789,36.13,74.546,155.643,47.90,35.74,35.56,35.46
2026-05-16T15:29:20+00:00,1778945360.789,99.88,45.445,125.789,36.13,74.554,155.643,47.90,35.44,35.50,35.44
2026-05-16T15:29:25+00:00,1778945365.790,99.87,45.451,125.789,36.13,74.561,155.643,47.91,34.93,35.39,35.41
2026-05-16T15:29:30+00:00,1778945370.792,99.87,45.457,125.789,36.14,74.568,155.643,47.91,34.69,35.33,35.39
2026-05-16T15:29:35+00:00,1778945375.793,99.89,45.466,125.789,36.14,74.576,155.643,47.91,34.80,35.34,35.39
2026-05-16T15:29:40+00:00,1778945380.794,99.88,45.489,125.789,36.16,74.584,155.643,47.92,35.05,35.39,35.41
2026-05-16T15:29:45+00:00,1778945385.795,99.89,45.495,125.789,36.17,74.593,155.643,47.93,34.81,35.33,35.39
2026-05-16T15:29:50+00:00,1778945390.797,99.88,45.504,125.789,36.17,74.600,155.643,47.93,35.30,35.43,35.42
2026-05-16T15:29:55+00:00,1778945395.798,99.87,45.506,125.789,36.18,74.606,155.643,47.93,35.36,35.44,35.42
2026-05-16T15:30:00+00:00,1778945400.799,99.89,45.508,125.789,36.18,74.613,155.643,47.94,35.89,35.55,35.46
2026-05-16T15:30:05+00:00,1778945405.800,99.88,45.497,125.789,36.17,74.620,155.643,47.94,35.58,35.49,35.44
2026-05-16T15:30:10+00:00,1778945410.802,99.86,45.585,125.789,36.24,74.628,155.643,47.95,35.29,35.43,35.42
2026-05-16T15:30:15+00:00,1778945415.803,99.87,45.577,125.789,36.23,74.639,155.643,47.96,35.03,35.37,35.40
2026-05-16T15:30:20+00:00,1778945420.804,99.87,45.582,125.789,36.24,74.656,155.643,47.97,35.19,35.40,35.41
2026-05-16T15:30:25+00:00,1778945425.806,99.89,45.584,125.789,36.24,74.676,155.643,47.98,35.57,35.48,35.44
2026-05-16T15:30:30+00:00,1778945430.807,99.88,45.542,125.789,36.21,74.691,155.643,47.99,36.33,35.63,35.49
2026-05-16T15:30:35+00:00,1778945435.808,99.88,45.542,125.789,36.21,74.701,155.643,48.00,36.94,35.77,35.53
2026-05-16T15:30:40+00:00,1778945440.810,99.89,45.535,125.789,36.20,74.711,155.643,48.00,37.91,35.99,35.61
2026-05-16T15:30:45+00:00,1778945445.811,99.88,45.529,125.789,36.19,74.721,155.643,48.01,37.43,35.93,35.59
2026-05-16T15:30:50+00:00,1778945450.812,99.89,45.538,125.789,36.20,74.730,155.643,48.01,37.56,35.98,35.61
2026-05-16T15:30:55+00:00,1778945455.814,99.87,45.547,125.789,36.21,74.737,155.643,48.02,37.12,35.91,35.59
2026-05-16T15:31:00+00:00,1778945460.815,99.89,45.557,125.789,36.22,74.744,155.643,48.02,37.35,35.98,35.61
2026-05-16T15:31:05+00:00,1778945465.816,99.87,45.567,125.789,36.22,74.751,155.643,48.03,37.72,36.08,35.65
2026-05-16T15:31:10+00:00,1778945470.818,99.87,45.581,125.789,36.24,74.758,155.643,48.03,37.34,36.03,35.63
2026-05-16T15:31:15+00:00,1778945475.819,99.87,45.583,125.789,36.24,74.766,155.643,48.04,36.91,35.96,35.61
2026-05-16T15:31:20+00:00,1778945480.820,99.89,45.591,125.789,36.24,74.774,155.643,48.04,36.52,35.90,35.59
2026-05-16T15:31:25+00:00,1778945485.822,99.87,45.596,125.789,36.25,74.781,155.643,48.05,36.48,35.90,35.59
2026-05-16T15:31:30+00:00,1778945490.823,99.87,45.608,125.789,36.26,74.787,155.643,48.05,36.20,35.85,35.58
2026-05-16T15:31:35+00:00,1778945495.824,99.87,45.619,125.789,36.27,74.795,155.643,48.06,35.94,35.80,35.57
2026-05-16T15:31:40+00:00,1778945500.826,99.86,45.729,125.789,36.35,74.803,155.643,48.06,36.83,35.99,35.63
2026-05-16T15:31:45+00:00,1778945505.827,99.87,45.722,125.789,36.35,74.814,155.643,48.07,36.44,35.92,35.61
2026-05-16T15:31:50+00:00,1778945510.828,99.86,45.752,125.789,36.37,74.827,155.643,48.08,36.09,35.86,35.59
2026-05-16T15:31:55+00:00,1778945515.829,99.88,45.748,125.789,36.37,74.846,155.643,48.09,35.84,35.81,35.57
2026-05-16T15:32:00+00:00,1778945520.831,99.89,45.740,125.789,36.36,74.865,155.643,48.10,35.69,35.78,35.57
2026-05-16T15:32:05+00:00,1778945525.832,99.89,45.723,125.789,36.35,74.877,155.643,48.11,35.56,35.75,35.56
2026-05-16T15:32:10+00:00,1778945530.834,99.88,45.723,125.789,36.35,74.888,155.643,48.12,35.27,35.69,35.54
2026-05-16T15:32:15+00:00,1778945535.835,99.88,45.705,125.789,36.33,74.898,155.643,48.12,36.53,35.94,35.62
2026-05-16T15:32:20+00:00,1778945540.836,99.87,45.709,125.789,36.34,74.907,155.643,48.13,36.17,35.87,35.60
2026-05-16T15:32:25+00:00,1778945545.838,99.87,45.713,125.789,36.34,74.916,155.643,48.13,35.91,35.83,35.59
2026-05-16T15:32:30+00:00,1778945550.839,99.87,45.721,125.789,36.35,74.925,155.643,48.14,35.60,35.76,35.57
2026-05-16T15:32:35+00:00,1778945555.840,99.89,45.727,125.789,36.35,74.932,155.643,48.14,35.55,35.75,35.56
2026-05-16T15:32:40+00:00,1778945560.842,99.87,45.730,125.789,36.35,74.940,155.643,48.15,35.27,35.69,35.54
2026-05-16T15:32:45+00:00,1778945565.843,99.87,45.739,125.789,36.36,74.949,155.643,48.15,35.00,35.63,35.53
2026-05-16T15:32:50+00:00,1778945570.845,99.87,45.752,125.789,36.37,74.958,155.643,48.16,34.92,35.60,35.52
2026-05-16T15:32:55+00:00,1778945575.846,99.87,45.761,125.789,36.38,74.966,155.643,48.17,34.69,35.54,35.50
2026-05-16T15:33:00+00:00,1778945580.847,99.88,45.769,125.789,36.39,74.973,155.643,48.17,34.95,35.58,35.51
2026-05-16T15:33:05+00:00,1778945585.849,99.88,45.773,125.789,36.39,74.981,155.643,48.17,35.28,35.64,35.53
2026-05-16T15:33:10+00:00,1778945590.850,99.87,45.875,125.789,36.47,74.988,155.643,48.18,35.26,35.63,35.53
2026-05-16T15:33:15+00:00,1778945595.851,99.87,45.865,125.789,36.46,74.997,155.643,48.19,35.08,35.58,35.51
2026-05-16T15:33:20+00:00,1778945600.853,99.88,45.869,125.789,36.46,75.011,155.643,48.19,35.31,35.62,35.53
2026-05-16T15:33:25+00:00,1778945605.854,99.88,45.864,125.789,36.46,75.030,155.643,48.21,35.69,35.70,35.55
2026-05-16T15:33:30+00:00,1778945610.855,99.87,45.862,125.789,36.46,75.046,155.643,48.22,36.67,35.90,35.62
2026-05-16T15:33:35+00:00,1778945615.856,99.87,45.839,125.789,36.44,75.058,155.643,48.22,36.30,35.83,35.60
2026-05-16T15:33:40+00:00,1778945620.858,99.87,45.845,125.789,36.45,75.068,155.643,48.23,35.95,35.77,35.58
2026-05-16T15:33:45+00:00,1778945625.859,99.87,45.839,125.789,36.44,75.078,155.643,48.24,35.96,35.77,35.58
2026-05-16T15:33:50+00:00,1778945630.860,99.88,45.841,125.789,36.44,75.088,155.643,48.24,35.96,35.78,35.58
2026-05-16T15:33:55+00:00,1778945635.862,99.86,45.853,125.789,36.45,75.096,155.643,48.25,35.72,35.73,35.57
2026-05-16T15:34:00+00:00,1778945640.863,99.87,45.861,125.789,36.46,75.103,155.643,48.25,35.83,35.75,35.58
2026-05-16T15:34:05+00:00,1778945645.864,99.88,45.873,125.789,36.47,75.110,155.643,48.26,36.40,35.87,35.62
2026-05-16T15:34:10+00:00,1778945650.866,99.88,45.880,125.789,36.47,75.118,155.643,48.26,36.13,35.83,35.60
2026-05-16T15:34:15+00:00,1778945655.867,99.87,45.892,125.789,36.48,75.124,155.643,48.27,36.52,35.91,35.63
2026-05-16T15:34:20+00:00,1778945660.868,99.87,45.897,125.789,36.49,75.131,155.643,48.27,36.16,35.85,35.61
2026-05-16T15:34:25+00:00,1778945665.870,99.87,45.909,125.789,36.50,75.138,155.643,48.28,36.54,35.93,35.64
2026-05-16T15:34:30+00:00,1778945670.871,99.89,45.914,125.789,36.50,75.145,155.643,48.28,37.38,36.12,35.70
2026-05-16T15:34:35+00:00,1778945675.872,99.89,45.928,125.789,36.51,75.152,155.643,48.28,37.03,36.07,35.69
2026-05-16T15:34:40+00:00,1778945680.875,99.87,45.942,125.789,36.52,75.160,155.643,48.29,36.23,35.91,35.64
2026-05-16T15:34:45+00:00,1778945685.877,99.89,46.040,125.789,36.60,75.169,155.643,48.30,35.97,35.87,35.63
2026-05-16T15:34:50+00:00,1778945690.878,99.86,46.057,125.789,36.61,75.182,155.643,48.30,35.65,35.80,35.61
2026-05-16T15:34:55+00:00,1778945695.879,99.85,46.079,125.789,36.63,75.198,155.643,48.31,35.44,35.75,35.59
2026-05-16T15:35:00+00:00,1778945700.881,99.87,46.075,125.789,36.63,75.217,155.643,48.33,35.32,35.72,35.59
2026-05-16T15:35:05+00:00,1778945705.882,99.87,46.051,125.789,36.61,75.232,155.643,48.34,35.06,35.66,35.57
2026-05-16T15:35:10+00:00,1778945710.883,99.87,46.033,125.789,36.60,75.244,155.643,48.34,35.37,35.72,35.58
2026-05-16T15:35:15+00:00,1778945715.884,99.89,46.028,125.789,36.59,75.255,155.643,48.35,35.18,35.67,35.57
2026-05-16T15:35:20+00:00,1778945720.886,99.88,46.030,125.789,36.59,75.265,155.643,48.36,35.01,35.63,35.56
2026-05-16T15:35:25+00:00,1778945725.887,99.87,46.032,125.789,36.59,75.273,155.643,48.36,34.77,35.57,35.54
2026-05-16T15:35:30+00:00,1778945730.889,99.87,46.041,125.789,36.60,75.281,155.643,48.37,34.95,35.59,35.55
2026-05-16T15:35:35+00:00,1778945735.890,99.86,46.047,125.789,36.61,75.288,155.643,48.37,34.71,35.53,35.53
2026-05-16T15:35:40+00:00,1778945740.891,99.87,46.051,125.789,36.61,75.294,155.643,48.38,34.49,35.47,35.51
2026-05-16T15:35:45+00:00,1778945745.892,99.87,46.060,125.789,36.62,75.302,155.643,48.38,35.01,35.56,35.54
2026-05-16T15:35:50+00:00,1778945750.894,99.87,46.073,125.789,36.63,75.311,155.643,48.39,35.01,35.56,35.53
2026-05-16T15:35:55+00:00,1778945755.895,99.87,46.079,125.789,36.63,75.319,155.643,48.39,35.33,35.61,35.55
2026-05-16T15:36:00+00:00,1778945760.896,99.88,46.090,125.789,36.64,75.326,155.643,48.40,35.06,35.55,35.53
2026-05-16T15:36:05+00:00,1778945765.898,99.89,46.094,125.789,36.64,75.332,155.643,48.40,34.90,35.51,35.52
2026-05-16T15:36:10+00:00,1778945770.899,99.87,46.105,125.789,36.65,75.339,155.643,48.41,35.47,35.62,35.56
2026-05-16T15:36:15+00:00,1778945775.901,99.88,46.108,125.789,36.66,75.346,155.643,48.41,35.19,35.56,35.54
2026-05-16T15:36:20+00:00,1778945780.902,99.84,46.232,125.789,36.75,75.354,155.643,48.41,34.93,35.50,35.52
2026-05-16T15:36:25+00:00,1778945785.903,99.88,46.223,125.789,36.75,75.366,155.643,48.42,34.86,35.47,35.51
2026-05-16T15:36:30+00:00,1778945790.905,99.88,46.228,125.789,36.75,75.384,155.643,48.43,35.83,35.66,35.57
2026-05-16T15:36:35+00:00,1778945795.906,99.87,46.218,125.789,36.74,75.403,155.643,48.45,35.60,35.62,35.56
2026-05-16T15:36:40+00:00,1778945800.907,99.88,46.188,125.789,36.72,75.416,155.643,48.45,35.32,35.56,35.54
2026-05-16T15:36:45+00:00,1778945805.909,99.88,46.183,125.789,36.71,75.426,155.643,48.46,35.13,35.52,35.52
2026-05-16T15:36:50+00:00,1778945810.910,99.87,46.180,125.789,36.71,75.436,155.643,48.47,35.60,35.61,35.55
2026-05-16T15:36:55+00:00,1778945815.912,99.89,46.171,125.789,36.70,75.447,155.643,48.47,35.31,35.55,35.53
2026-05-16T15:37:00+00:00,1778945820.913,99.89,46.170,125.789,36.70,75.456,155.643,48.48,35.05,35.49,35.51
2026-05-16T15:37:05+00:00,1778945825.914,99.89,46.181,125.789,36.71,75.464,155.643,48.49,34.88,35.45,35.50
2026-05-16T15:37:10+00:00,1778945830.916,99.87,46.196,125.789,36.73,75.471,155.643,48.49,35.37,35.54,35.53
2026-05-16T15:37:15+00:00,1778945835.917,99.87,46.203,125.789,36.73,75.478,155.643,48.49,35.10,35.48,35.51
2026-05-16T15:37:20+00:00,1778945840.919,99.86,46.216,125.789,36.74,75.486,155.643,48.50,35.01,35.46,35.50
2026-05-16T15:37:25+00:00,1778945845.920,99.86,46.228,125.789,36.75,75.494,155.643,48.50,34.85,35.41,35.49
2026-05-16T15:37:30+00:00,1778945850.921,99.84,46.244,125.789,36.76,75.501,155.643,48.51,34.70,35.37,35.48
2026-05-16T15:37:35+00:00,1778945855.923,99.87,46.252,125.789,36.77,75.508,155.643,48.51,35.21,35.47,35.51
2026-05-16T15:37:40+00:00,1778945860.924,99.87,46.258,125.789,36.77,75.513,155.643,48.52,35.35,35.49,35.51
2026-05-16T15:37:45+00:00,1778945865.925,99.89,46.264,125.789,36.78,75.521,155.643,48.52,35.24,35.47,35.51
2026-05-16T15:37:50+00:00,1778945870.927,99.87,46.374,125.789,36.87,75.529,155.643,48.53,34.98,35.41,35.49
2026-05-16T15:37:55+00:00,1778945875.928,99.88,46.357,125.789,36.85,75.538,155.643,48.53,35.22,35.45,35.50
2026-05-16T15:38:00+00:00,1778945880.929,99.88,46.366,125.789,36.86,75.551,155.643,48.54,35.05,35.41,35.49
2026-05-16T15:38:05+00:00,1778945885.931,99.87,46.376,125.789,36.87,75.567,155.643,48.55,34.88,35.37,35.47
2026-05-16T15:38:10+00:00,1778945890.932,99.87,46.368,125.789,36.86,75.589,155.643,48.57,34.97,35.38,35.48
2026-05-16T15:38:15+00:00,1778945895.933,99.84,46.342,125.789,36.84,75.602,155.643,48.57,34.81,35.34,35.46
2026-05-16T15:38:20+00:00,1778945900.935,99.88,46.335,125.789,36.84,75.612,155.643,48.58,35.63,35.50,35.51
2026-05-16T15:38:25+00:00,1778945905.936,99.89,46.340,125.789,36.84,75.622,155.643,48.59,35.42,35.46,35.50
2026-05-16T15:38:30+00:00,1778945910.937,99.88,46.336,125.789,36.84,75.631,155.643,48.59,35.22,35.42,35.49
2026-05-16T15:38:35+00:00,1778945915.939,99.87,46.341,125.789,36.84,75.639,155.643,48.60,35.13,35.40,35.48
2026-05-16T15:38:40+00:00,1778945920.940,99.87,46.360,125.789,36.86,75.648,155.643,48.60,34.96,35.36,35.46
2026-05-16T15:38:45+00:00,1778945925.941,99.87,46.365,125.789,36.86,75.656,155.643,48.61,34.80,35.32,35.45
2026-05-16T15:38:50+00:00,1778945930.943,99.87,46.373,125.789,36.87,75.665,155.643,48.61,34.74,35.30,35.44
2026-05-16T15:38:55+00:00,1778945935.944,99.88,46.381,125.789,36.87,75.674,155.643,48.62,34.92,35.32,35.45
2026-05-16T15:39:00+00:00,1778945940.946,99.88,46.391,125.789,36.88,75.682,155.643,48.63,34.68,35.27,35.43
2026-05-16T15:39:05+00:00,1778945945.947,99.89,46.394,125.789,36.88,75.689,155.643,48.63,34.87,35.30,35.44
2026-05-16T15:39:10+00:00,1778945950.948,99.87,46.398,125.789,36.89,75.695,155.643,48.63,34.72,35.26,35.43
2026-05-16T15:39:15+00:00,1778945955.950,99.87,46.410,125.789,36.90,75.701,155.643,48.64,34.66,35.24,35.42
2026-05-16T15:39:20+00:00,1778945960.951,99.87,46.416,125.789,36.90,75.709,155.643,48.64,34.45,35.18,35.40
2026-05-16T15:39:25+00:00,1778945965.952,99.87,46.523,125.789,36.99,75.717,155.643,48.65,35.05,35.30,35.44
2026-05-16T15:39:30+00:00,1778945970.954,99.88,46.511,125.789,36.98,75.727,155.643,48.65,35.61,35.41,35.47
2026-05-16T15:39:35+00:00,1778945975.955,99.87,46.514,125.789,36.98,75.740,155.643,48.66,35.96,35.49,35.50
2026-05-16T15:39:40+00:00,1778945980.956,99.89,46.516,125.789,36.98,75.754,155.643,48.67,35.72,35.44,35.48
2026-05-16T15:39:45+00:00,1778945985.958,99.89,46.513,125.789,36.98,75.771,155.643,48.68,35.43,35.39,35.46
2026-05-16T15:39:50+00:00,1778945990.959,99.88,46.495,125.789,36.96,75.784,155.643,48.69,35.63,35.43,35.48
2026-05-16T15:39:55+00:00,1778945995.961,99.87,46.527,125.789,36.99,75.793,155.643,48.70,35.34,35.37,35.46
2026-05-16T15:40:00+00:00,1778946000.962,99.89,46.530,125.789,36.99,75.803,155.643,48.70,35.95,35.50,35.50
2026-05-16T15:40:05+00:00,1778946005.963,99.88,46.522,125.789,36.98,75.812,155.643,48.71,36.12,35.54,35.51
2026-05-16T15:40:10+00:00,1778946010.965,99.87,46.532,125.789,36.99,75.821,155.643,48.71,35.79,35.48,35.49
2026-05-16T15:40:15+00:00,1778946015.966,99.88,46.536,125.789,37.00,75.828,155.643,48.72,36.45,35.62,35.54
2026-05-16T15:40:20+00:00,1778946020.967,99.87,46.551,125.789,37.01,75.834,155.643,48.72,36.49,35.65,35.55
2026-05-16T15:40:25+00:00,1778946025.969,99.88,46.541,125.789,37.00,75.840,155.643,48.73,37.01,35.77,35.59
2026-05-16T15:40:30+00:00,1778946030.970,99.87,46.541,125.789,37.00,75.848,155.643,48.73,37.01,35.79,35.60
2026-05-16T15:40:35+00:00,1778946035.972,99.88,46.549,125.789,37.01,75.856,155.643,48.74,36.61,35.73,35.58
2026-05-16T15:40:40+00:00,1778946040.973,99.87,46.578,125.789,37.03,75.865,155.643,48.74,37.28,35.88,35.63
2026-05-16T15:40:45+00:00,1778946045.974,99.87,46.585,125.789,37.03,75.872,155.643,48.75,37.58,35.97,35.66
2026-05-16T15:40:50+00:00,1778946050.976,99.89,46.595,125.789,37.04,75.877,155.643,48.75,38.09,36.10,35.70
2026-05-16T15:40:55+00:00,1778946055.977,99.89,46.603,125.789,37.05,75.883,155.643,48.75,37.77,36.07,35.69
2026-05-16T15:41:00+00:00,1778946060.978,99.89,46.606,125.789,37.05,75.891,155.643,48.76,37.38,36.01,35.68
2026-05-16T15:41:05+00:00,1778946065.980,99.89,46.712,125.789,37.14,75.900,155.643,48.77,37.83,36.13,35.72
2026-05-16T15:41:10+00:00,1778946070.981,99.86,46.714,125.789,37.14,75.912,155.643,48.77,37.45,36.08,35.70
2026-05-16T15:41:15+00:00,1778946075.982,99.88,46.734,125.789,37.15,75.927,155.643,48.78,37.17,36.04,35.69
2026-05-16T15:41:20+00:00,1778946080.984,99.88,46.727,125.789,37.15,75.945,155.643,48.79,36.84,35.99,35.68
2026-05-16T15:41:25+00:00,1778946085.985,99.89,46.705,125.789,37.13,75.961,155.643,48.80,37.25,36.09,35.71
2026-05-16T15:41:30+00:00,1778946090.986,99.84,46.685,125.789,37.11,75.971,155.643,48.81,37.79,36.22,35.76
2026-05-16T15:41:35+00:00,1778946095.988,99.89,46.686,125.789,37.11,75.982,155.643,48.82,37.49,36.19,35.75
2026-05-16T15:41:40+00:00,1778946100.989,99.87,46.694,125.789,37.12,75.992,155.643,48.82,37.69,36.25,35.77
2026-05-16T15:41:45+00:00,1778946105.990,99.87,46.698,125.789,37.12,76.002,155.643,48.83,37.87,36.31,35.79
2026-05-16T15:41:50+00:00,1778946110.992,99.89,46.692,125.789,37.12,76.011,155.643,48.84,37.48,36.26,35.78
2026-05-16T15:41:55+00:00,1778946115.993,99.83,46.697,125.789,37.12,76.019,155.643,48.84,37.93,36.37,35.82
2026-05-16T15:42:00+00:00,1778946120.994,99.89,46.706,125.789,37.13,76.025,155.643,48.85,37.53,36.31,35.80
2026-05-16T15:42:05+00:00,1778946125.996,99.88,46.721,125.789,37.14,76.032,155.643,48.85,37.17,36.26,35.79
2026-05-16T15:42:10+00:00,1778946130.997,99.89,46.726,125.789,37.15,76.041,155.643,48.86,36.83,36.20,35.77
2026-05-16T15:42:15+00:00,1778946135.999,99.87,46.738,125.789,37.16,76.050,155.643,48.86,36.45,36.13,35.75
2026-05-16T15:42:20+00:00,1778946141.000,99.87,46.748,125.789,37.16,76.057,155.643,48.87,36.33,36.12,35.75
2026-05-16T15:42:26+00:00,1778946146.001,99.87,46.756,125.789,37.17,76.062,155.643,48.87,36.78,36.21,35.78
2026-05-16T15:42:31+00:00,1778946151.003,99.88,46.766,125.789,37.18,76.068,155.643,48.87,36.48,36.16,35.77
2026-05-16T15:42:36+00:00,1778946156.004,99.87,46.777,125.789,37.19,76.075,155.643,48.88,36.20,36.11,35.75
2026-05-16T15:42:41+00:00,1778946161.005,99.86,46.874,125.789,37.26,76.084,155.643,48.88,36.11,36.09,35.75
2026-05-16T15:42:46+00:00,1778946166.006,99.85,46.872,125.789,37.26,76.094,155.643,48.89,36.02,36.07,35.74
2026-05-16T15:42:51+00:00,1778946171.008,99.89,46.872,125.789,37.26,76.108,155.643,48.90,35.85,36.04,35.73
2026-05-16T15:42:56+00:00,1778946176.009,99.88,46.866,125.789,37.26,76.126,155.643,48.91,35.71,36.00,35.72
2026-05-16T15:43:01+00:00,1778946181.011,99.89,46.863,125.789,37.26,76.143,155.643,48.92,35.41,35.93,35.70
2026-05-16T15:43:06+00:00,1778946186.012,99.88,46.850,125.789,37.24,76.154,155.643,48.93,35.14,35.87,35.68
2026-05-16T15:43:11+00:00,1778946191.013,99.88,46.857,125.789,37.25,76.164,155.643,48.93,35.12,35.85,35.68
2026-05-16T15:43:16+00:00,1778946196.015,99.87,46.852,125.789,37.25,76.173,155.643,48.94,35.03,35.82,35.67
2026-05-16T15:43:21+00:00,1778946201.016,99.87,46.848,125.789,37.24,76.182,155.643,48.95,35.11,35.83,35.67
2026-05-16T15:43:26+00:00,1778946206.017,99.86,46.855,125.789,37.25,76.191,155.643,48.95,35.34,35.86,35.68
2026-05-16T15:43:31+00:00,1778946211.019,99.87,46.862,125.789,37.25,76.199,155.643,48.96,35.00,35.78,35.66
2026-05-16T15:43:36+00:00,1778946216.020,99.86,46.872,125.789,37.26,76.206,155.643,48.96,35.00,35.77,35.65
2026-05-16T15:43:41+00:00,1778946221.021,99.88,46.875,125.789,37.26,76.213,155.643,48.97,35.32,35.82,35.67
2026-05-16T15:43:46+00:00,1778946226.023,99.88,46.883,125.789,37.27,76.221,155.643,48.97,35.05,35.76,35.65
2026-05-16T15:43:51+00:00,1778946231.024,99.86,46.893,125.789,37.28,76.230,155.643,48.98,34.89,35.71,35.64
2026-05-16T15:43:56+00:00,1778946236.025,99.88,46.898,125.789,37.28,76.237,155.643,48.98,34.90,35.70,35.63
2026-05-16T15:44:01+00:00,1778946241.027,99.87,46.907,125.789,37.29,76.243,155.643,48.99,34.66,35.64,35.61
2026-05-16T15:44:06+00:00,1778946246.028,99.87,46.923,125.789,37.30,76.249,155.643,48.99,34.53,35.60,35.60
2026-05-16T15:44:11+00:00,1778946251.030,99.86,46.938,125.789,37.31,76.255,155.643,48.99,34.41,35.55,35.59
2026-05-16T15:44:16+00:00,1778946256.031,99.84,47.010,125.789,37.37,76.263,155.643,49.00,35.10,35.68,35.63
2026-05-16T15:44:21+00:00,1778946261.032,99.87,47.039,125.789,37.40,76.273,155.643,49.01,35.89,35.83,35.68
2026-05-16T15:44:26+00:00,1778946266.034,99.87,47.051,125.789,37.40,76.284,155.643,49.01,36.06,35.87,35.69
2026-05-16T15:44:31+00:00,1778946271.035,99.85,47.065,125.789,37.42,76.300,155.643,49.02,35.97,35.85,35.69
2026-05-16T15:44:36+00:00,1778946276.036,99.89,47.084,125.789,37.43,76.321,155.643,49.04,35.74,35.81,35.67
2026-05-16T15:44:41+00:00,1778946281.038,99.87,47.064,125.789,37.42,76.336,155.643,49.05,35.44,35.74,35.65
2026-05-16T15:44:46+00:00,1778946286.039,99.87,47.048,125.789,37.40,76.347,155.643,49.05,35.16,35.68,35.63
2026-05-16T15:44:51+00:00,1778946291.040,99.88,47.045,125.789,37.40,76.357,155.643,49.06,34.91,35.62,35.61
2026-05-16T15:44:56+00:00,1778946296.042,99.87,47.039,125.789,37.40,76.366,155.643,49.07,34.67,35.56,35.59
2026-05-16T15:45:01+00:00,1778946301.043,99.87,47.042,125.789,37.40,76.374,155.643,49.07,34.46,35.50,35.57
2026-05-16T15:45:06+00:00,1778946306.044,99.87,47.047,125.789,37.40,76.383,155.643,49.08,35.38,35.67,35.63
2026-05-16T15:45:11+00:00,1778946311.046,99.89,47.055,125.789,37.41,76.390,155.643,49.08,35.11,35.61,35.61
2026-05-16T15:45:16+00:00,1778946316.047,99.87,47.065,125.789,37.42,76.397,155.643,49.08,34.86,35.55,35.59
2026-05-16T15:45:21+00:00,1778946321.048,99.89,47.070,125.789,37.42,76.405,155.643,49.09,34.71,35.51,35.58
2026-05-16T15:45:26+00:00,1778946326.050,99.87,47.082,125.789,37.43,76.413,155.643,49.10,34.82,35.52,35.58
2026-05-16T15:45:31+00:00,1778946331.051,99.87,47.088,125.789,37.43,76.422,155.643,49.10,34.83,35.51,35.57
2026-05-16T15:45:36+00:00,1778946336.053,99.89,47.094,125.789,37.44,76.429,155.643,49.11,34.60,35.45,35.56
2026-05-16T15:45:41+00:00,1778946341.054,99.88,47.121,125.789,37.46,76.434,155.643,49.11,34.48,35.41,35.54
2026-05-16T15:45:46+00:00,1778946346.055,99.87,47.127,125.789,37.47,76.441,155.643,49.11,35.48,35.60,35.60
2026-05-16T15:45:51+00:00,1778946351.057,99.86,47.148,125.789,37.48,76.448,155.643,49.12,36.16,35.74,35.65
2026-05-16T15:45:56+00:00,1778946356.058,99.87,47.247,125.789,37.56,76.456,155.643,49.12,35.83,35.68,35.63
2026-05-16T15:46:01+00:00,1778946361.059,99.86,47.248,125.789,37.56,76.467,155.643,49.13,36.00,35.72,35.64
2026-05-16T15:46:06+00:00,1778946366.060,99.88,47.245,125.789,37.56,76.480,155.643,49.14,35.68,35.66,35.62
2026-05-16T15:46:11+00:00,1778946371.062,99.87,47.245,125.789,37.56,76.499,155.643,49.15,35.55,35.63,35.61
2026-05-16T15:46:16+00:00,1778946376.063,99.86,47.227,125.789,37.54,76.514,155.643,49.16,35.42,35.60,35.60
2026-05-16T15:46:21+00:00,1778946381.064,99.86,47.215,125.789,37.54,76.525,155.643,49.17,35.63,35.64,35.62
2026-05-16T15:46:26+00:00,1778946386.066,99.87,47.216,125.789,37.54,76.535,155.643,49.17,35.98,35.71,35.64
2026-05-16T15:46:31+00:00,1778946391.067,99.89,47.212,125.789,37.53,76.544,155.643,49.18,35.74,35.67,35.63
2026-05-16T15:46:36+00:00,1778946396.068,99.87,47.215,125.789,37.54,76.553,155.643,49.19,35.44,35.61,35.61
2026-05-16T15:46:41+00:00,1778946401.070,99.86,47.218,125.789,37.54,76.561,155.643,49.19,35.16,35.55,35.59
2026-05-16T15:46:46+00:00,1778946406.071,99.88,47.223,125.789,37.54,76.567,155.643,49.19,35.55,35.62,35.61
2026-05-16T15:46:51+00:00,1778946411.072,99.89,47.233,125.789,37.55,76.574,155.643,49.20,36.79,35.88,35.69
2026-05-16T15:46:56+00:00,1778946416.073,99.86,47.243,125.789,37.56,76.582,155.643,49.20,37.37,36.01,35.74
2026-05-16T15:47:01+00:00,1778946421.075,99.87,47.252,125.789,37.56,76.590,155.643,49.21,36.94,35.94,35.72
2026-05-16T15:47:06+00:00,1778946426.076,99.88,47.260,125.789,37.57,76.597,155.643,49.21,36.54,35.88,35.70
2026-05-16T15:47:11+00:00,1778946431.077,99.87,47.265,125.789,37.57,76.604,155.643,49.22,36.50,35.88,35.70
2026-05-16T15:47:16+00:00,1778946436.079,99.86,47.276,125.789,37.58,76.611,155.643,49.22,37.26,36.05,35.76
2026-05-16T15:47:21+00:00,1778946441.080,99.88,47.282,125.789,37.59,76.616,155.643,49.23,37.32,36.08,35.77
2026-05-16T15:47:26+00:00,1778946446.081,99.89,47.289,125.789,37.59,76.623,155.643,49.23,38.17,36.28,35.83
2026-05-16T15:47:31+00:00,1778946451.083,99.87,47.403,125.789,37.68,76.631,155.643,49.24,37.84,36.24,35.82
2026-05-16T15:47:36+00:00,1778946456.084,99.87,47.397,125.789,37.68,76.643,155.643,49.24,37.61,36.22,35.82
2026-05-16T15:47:41+00:00,1778946461.085,99.87,47.422,125.789,37.70,76.657,155.643,49.25,37.32,36.18,35.81
2026-05-16T15:47:46+00:00,1778946466.087,99.86,47.422,125.789,37.70,76.674,155.643,49.26,37.06,36.15,35.80
2026-05-16T15:47:51+00:00,1778946471.088,99.87,47.411,125.789,37.69,76.693,155.643,49.27,36.65,36.08,35.78
2026-05-16T15:47:56+00:00,1778946476.089,99.87,47.378,125.789,37.66,76.705,155.643,49.28,36.36,36.03,35.76
2026-05-16T15:48:01+00:00,1778946481.091,99.87,47.386,125.789,37.67,76.715,155.643,49.29,36.09,35.98,35.75
2026-05-16T15:48:06+00:00,1778946486.092,99.86,47.392,125.789,37.68,76.725,155.643,49.30,35.84,35.93,35.73
2026-05-16T15:48:11+00:00,1778946491.093,99.87,47.391,125.789,37.67,76.734,155.643,49.30,35.53,35.86,35.71
2026-05-16T15:48:16+00:00,1778946496.095,99.86,47.402,125.789,37.68,76.743,155.643,49.31,35.33,35.81,35.70
2026-05-16T15:48:21+00:00,1778946501.096,99.87,47.405,125.789,37.69,76.751,155.643,49.31,35.14,35.77,35.68
2026-05-16T15:48:26+00:00,1778946506.097,99.86,47.415,125.789,37.69,76.758,155.643,49.32,34.97,35.72,35.67
2026-05-16T15:48:31+00:00,1778946511.099,99.87,47.419,125.789,37.70,76.766,155.643,49.32,35.45,35.81,35.70
2026-05-16T15:48:36+00:00,1778946516.100,99.88,47.427,125.789,37.70,76.775,155.643,49.33,35.34,35.78,35.69
2026-05-16T15:48:41+00:00,1778946521.101,99.87,47.435,125.789,37.71,76.784,155.643,49.33,35.07,35.72,35.67
2026-05-16T15:48:46+00:00,1778946526.103,99.87,47.442,125.789,37.72,76.792,155.643,49.34,34.90,35.67,35.65
2026-05-16T15:48:51+00:00,1778946531.104,99.88,47.446,125.789,37.72,76.797,155.643,49.34,34.67,35.61,35.63
2026-05-16T15:48:56+00:00,1778946536.105,99.87,47.457,125.789,37.73,76.803,155.643,49.35,34.78,35.62,35.64
2026-05-16T15:49:01+00:00,1778946541.107,99.87,47.463,125.789,37.73,76.811,155.643,49.35,34.56,35.56,35.62
2026-05-16T15:49:06+00:00,1778946546.108,99.88,47.568,125.789,37.82,76.818,155.643,49.36,34.35,35.50,35.60
2026-05-16T15:49:11+00:00,1778946551.109,99.85,47.563,125.789,37.81,76.829,155.643,49.36,34.56,35.52,35.60
2026-05-16T15:49:16+00:00,1778946556.111,99.89,47.572,125.789,37.82,76.844,155.643,49.37,35.08,35.61,35.63
2026-05-16T15:49:21+00:00,1778946561.112,99.87,47.578,125.789,37.82,76.865,155.643,49.39,34.83,35.55,35.61
2026-05-16T15:49:26+00:00,1778946566.114,99.87,47.556,125.789,37.81,76.880,155.643,49.40,35.49,35.68,35.65
2026-05-16T15:49:31+00:00,1778946571.115,99.88,47.542,125.789,37.79,76.891,155.643,49.40,36.25,35.83,35.70
2026-05-16T15:49:36+00:00,1778946576.116,99.87,47.544,125.789,37.80,76.901,155.643,49.41,35.91,35.77,35.68
2026-05-16T15:49:41+00:00,1778946581.118,99.87,47.531,125.789,37.79,76.911,155.643,49.42,35.84,35.75,35.68
2026-05-16T15:49:46+00:00,1778946586.119,99.87,47.545,125.789,37.80,76.920,155.643,49.42,35.61,35.71,35.67
2026-05-16T15:49:51+00:00,1778946591.120,99.88,47.548,125.789,37.80,76.927,155.643,49.43,35.56,35.70,35.66
2026-05-16T15:49:56+00:00,1778946596.121,99.89,47.554,125.789,37.81,76.933,155.643,49.43,35.27,35.64,35.64
2026-05-16T15:50:01+00:00,1778946601.123,99.87,47.564,125.789,37.81,76.940,155.643,49.43,35.09,35.59,35.63
2026-05-16T15:50:06+00:00,1778946606.124,99.87,47.574,125.789,37.82,76.948,155.643,49.44,34.84,35.53,35.61
2026-05-16T15:50:11+00:00,1778946611.125,99.87,47.581,125.789,37.83,76.957,155.643,49.44,34.62,35.47,35.59
2026-05-16T15:50:16+00:00,1778946616.127,99.87,47.587,125.789,37.83,76.965,155.643,49.45,35.53,35.65,35.64
2026-05-16T15:50:21+00:00,1778946621.128,99.86,47.602,125.789,37.84,76.972,155.643,49.45,35.65,35.67,35.65
2026-05-16T15:50:26+00:00,1778946626.129,99.88,47.608,125.789,37.85,76.978,155.643,49.46,35.35,35.61,35.63
2026-05-16T15:50:31+00:00,1778946631.131,99.88,47.617,125.789,37.86,76.986,155.643,49.46,35.97,35.73,35.67
2026-05-16T15:50:36+00:00,1778946636.132,99.88,47.722,125.789,37.94,76.995,155.643,49.47,36.21,35.79,35.69
2026-05-16T15:50:41+00:00,1778946641.133,99.87,47.725,125.789,37.94,77.006,155.643,49.48,36.43,35.84,35.71
2026-05-16T15:50:46+00:00,1778946646.134,99.86,47.748,125.789,37.96,77.020,155.643,49.49,36.64,35.89,35.73
2026-05-16T15:50:51+00:00,1778946651.136,99.85,47.737,125.789,37.95,77.038,155.643,49.50,36.35,35.84,35.71
2026-05-16T15:50:56+00:00,1778946656.137,99.88,47.737,125.789,37.95,77.058,155.643,49.51,36.88,35.96,35.75
2026-05-16T15:51:01+00:00,1778946661.138,99.88,47.709,125.789,37.93,77.070,155.643,49.52,36.57,35.91,35.74
2026-05-16T15:51:06+00:00,1778946666.140,99.87,47.713,125.789,37.93,77.079,155.643,49.52,36.04,35.82,35.70
2026-05-16T15:51:11+00:00,1778946671.141,99.86,47.704,125.789,37.92,77.089,155.643,49.53,36.04,35.82,35.71
2026-05-16T15:51:16+00:00,1778946676.142,99.88,47.704,125.789,37.92,77.098,155.643,49.54,36.12,35.84,35.71
2026-05-16T15:51:21+00:00,1778946681.144,99.87,47.705,125.789,37.92,77.106,155.643,49.54,35.95,35.81,35.70
2026-05-16T15:51:26+00:00,1778946686.145,99.87,47.709,125.789,37.93,77.114,155.643,49.55,35.95,35.81,35.71
2026-05-16T15:51:31+00:00,1778946691.146,99.89,47.717,125.789,37.93,77.121,155.643,49.55,35.71,35.77,35.69
2026-05-16T15:51:36+00:00,1778946696.148,99.87,47.725,125.789,37.94,77.130,155.643,49.56,35.50,35.72,35.68
2026-05-16T15:51:41+00:00,1778946701.149,99.89,47.734,125.789,37.95,77.138,155.643,49.56,36.18,35.86,35.72
2026-05-16T15:51:46+00:00,1778946706.150,99.87,47.745,125.789,37.96,77.148,155.643,49.57,35.92,35.81,35.71
2026-05-16T15:51:51+00:00,1778946711.152,99.87,47.755,125.789,37.96,77.155,155.643,49.57,35.69,35.76,35.69
2026-05-16T15:51:56+00:00,1778946716.153,99.87,47.763,125.789,37.97,77.160,155.643,49.58,35.47,35.72,35.68
2026-05-16T15:52:01+00:00,1778946721.154,99.87,47.772,125.789,37.98,77.167,155.643,49.58,35.43,35.70,35.67
2026-05-16T15:52:06+00:00,1778946726.156,99.89,47.779,125.789,37.98,77.174,155.643,49.58,35.32,35.68,35.67
2026-05-16T15:52:11+00:00,1778946731.157,99.84,47.880,125.789,38.06,77.184,155.643,49.59,35.29,35.66,35.66
2026-05-16T15:52:16+00:00,1778946736.158,99.87,47.868,125.789,38.05,77.197,155.643,49.60,35.11,35.62,35.65
2026-05-16T15:52:21+00:00,1778946741.160,99.87,47.871,125.789,38.06,77.213,155.643,49.61,34.94,35.58,35.63
2026-05-16T15:52:26+00:00,1778946746.161,99.88,47.868,125.789,38.05,77.232,155.643,49.62,34.70,35.52,35.61
2026-05-16T15:52:31+00:00,1778946751.163,99.89,47.842,125.789,38.03,77.245,155.643,49.63,35.61,35.69,35.67
2026-05-16T15:52:36+00:00,1778946756.164,99.87,47.843,125.789,38.03,77.255,155.643,49.64,36.20,35.81,35.71
2026-05-16T15:52:41+00:00,1778946761.165,99.88,47.832,125.789,38.03,77.265,155.643,49.64,35.94,35.77,35.69
2026-05-16T15:52:46+00:00,1778946766.167,99.89,47.840,125.789,38.03,77.275,155.643,49.65,35.95,35.77,35.70
2026-05-16T15:52:51+00:00,1778946771.168,99.87,47.849,125.789,38.04,77.282,155.643,49.65,36.67,35.92,35.75
2026-05-16T15:52:56+00:00,1778946776.169,99.87,47.857,125.789,38.05,77.288,155.643,49.66,36.30,35.86,35.73
2026-05-16T15:53:01+00:00,1778946781.170,99.87,47.868,125.789,38.05,77.295,155.643,49.66,36.04,35.81,35.71
2026-05-16T15:53:06+00:00,1778946786.172,99.89,47.873,125.789,38.06,77.303,155.643,49.67,35.87,35.78,35.70
2026-05-16T15:53:11+00:00,1778946791.173,99.86,47.882,125.789,38.07,77.311,155.643,49.67,36.52,35.92,35.75
2026-05-16T15:53:16+00:00,1778946796.174,99.86,47.898,125.789,38.08,77.319,155.643,49.68,36.32,35.88,35.74
2026-05-16T15:53:21+00:00,1778946801.176,99.89,47.906,125.789,38.08,77.327,155.643,49.68,36.78,35.98,35.77
2026-05-16T15:53:26+00:00,1778946806.177,99.87,47.918,125.789,38.09,77.333,155.643,49.69,36.47,35.93,35.76
2026-05-16T15:53:31+00:00,1778946811.178,99.87,47.924,125.789,38.10,77.339,155.643,49.69,36.12,35.87,35.73
2026-05-16T15:53:36+00:00,1778946816.180,99.87,47.931,125.789,38.10,77.347,155.643,49.70,35.95,35.84,35.72
2026-05-16T15:53:41+00:00,1778946821.181,99.86,48.034,125.789,38.19,77.357,155.643,49.70,36.51,35.96,35.76
2026-05-16T15:53:46+00:00,1778946826.183,99.89,48.038,125.789,38.19,77.367,155.643,49.71,36.15,35.89,35.74
2026-05-16T15:53:51+00:00,1778946831.184,99.86,48.044,125.789,38.19,77.381,155.643,49.72,36.06,35.88,35.74
2026-05-16T15:53:56+00:00,1778946836.186,99.87,48.047,125.789,38.20,77.401,155.643,49.73,35.81,35.83,35.72
2026-05-16T15:54:01+00:00,1778946841.187,99.88,48.032,125.789,38.18,77.417,155.643,49.74,35.67,35.80,35.72
2026-05-16T15:54:06+00:00,1778946846.188,99.87,48.014,125.789,38.17,77.429,155.643,49.75,35.37,35.73,35.70
2026-05-16T15:54:11+00:00,1778946851.190,99.87,48.000,125.789,38.16,77.439,155.643,49.75,35.18,35.69,35.68
2026-05-16T15:54:16+00:00,1778946856.191,99.88,47.993,125.789,38.15,77.450,155.643,49.76,35.01,35.64,35.67
2026-05-16T15:54:21+00:00,1778946861.193,99.87,47.993,125.789,38.15,77.460,155.643,49.77,34.77,35.58,35.65
2026-05-16T15:54:26+00:00,1778946866.194,99.87,47.994,125.789,38.15,77.469,155.643,49.77,34.70,35.56,35.64
2026-05-16T15:54:31+00:00,1778946871.195,99.87,48.004,125.789,38.16,77.476,155.643,49.78,34.73,35.55,35.63
2026-05-16T15:54:36+00:00,1778946876.197,99.87,48.010,125.789,38.17,77.483,155.643,49.78,34.99,35.59,35.65
2026-05-16T15:54:41+00:00,1778946881.198,99.90,48.001,125.789,38.16,77.491,155.643,49.79,34.83,35.55,35.63
2026-05-16T15:54:46+00:00,1778946886.199,99.89,48.005,125.789,38.16,77.499,155.643,49.79,34.60,35.49,35.61
2026-05-16T15:54:51+00:00,1778946891.201,99.87,48.013,125.789,38.17,77.509,155.643,49.80,35.36,35.63,35.66
2026-05-16T15:54:56+00:00,1778946896.202,99.90,48.021,125.789,38.18,77.516,155.643,49.80,36.21,35.80,35.71
2026-05-16T15:55:01+00:00,1778946901.203,99.89,48.029,125.789,38.18,77.520,155.643,49.81,35.87,35.74,35.69
2026-05-16T15:55:06+00:00,1778946906.205,99.89,48.035,125.789,38.19,77.525,155.643,49.81,35.72,35.71,35.68
2026-05-16T15:55:11+00:00,1778946911.206,99.89,48.046,125.789,38.20,77.532,155.643,49.81,35.42,35.65,35.66
2026-05-16T15:55:16+00:00,1778946916.207,99.89,48.164,125.789,38.29,77.539,155.643,49.82,35.15,35.58,35.64
2026-05-16T15:55:21+00:00,1778946921.209,99.87,48.158,125.789,38.28,77.547,155.643,49.82,35.14,35.58,35.64
2026-05-16T15:55:26+00:00,1778946926.210,99.89,48.158,125.789,38.28,77.559,155.643,49.83,34.97,35.53,35.62
2026-05-16T15:55:31+00:00,1778946931.211,99.91,48.160,125.789,38.29,77.576,155.643,49.84,35.77,35.69,35.68
2026-05-16T15:55:36+00:00,1778946936.213,99.88,48.160,125.789,38.29,77.596,155.643,49.86,35.87,35.71,35.68
2026-05-16T15:55:41+00:00,1778946941.214,99.89,48.141,125.789,38.27,77.608,155.643,49.86,36.60,35.87,35.73
2026-05-16T15:55:46+00:00,1778946946.215,99.88,48.136,125.789,38.27,77.619,155.643,49.87,36.23,35.80,35.71
2026-05-16T15:55:51+00:00,1778946951.217,99.88,48.132,125.789,38.26,77.628,155.643,49.88,35.89,35.74,35.69
2026-05-16T15:55:56+00:00,1778946956.218,99.88,48.129,125.789,38.26,77.638,155.643,49.88,35.66,35.69,35.68
2026-05-16T15:56:01+00:00,1778946961.220,99.89,48.136,125.789,38.27,77.646,155.643,49.89,36.65,35.90,35.74
2026-05-16T15:56:06+00:00,1778946966.221,99.87,48.144,125.789,38.27,77.652,155.643,49.89,36.60,35.90,35.75
2026-05-16T15:56:11+00:00,1778946971.222,99.86,48.149,125.789,38.28,77.659,155.643,49.90,36.23,35.83,35.73
2026-05-16T15:56:16+00:00,1778946976.224,99.89,48.149,125.789,38.28,77.666,155.643,49.90,36.29,35.85,35.73
2026-05-16T15:56:21+00:00,1778946981.225,99.89,48.157,125.789,38.28,77.674,155.643,49.91,36.03,35.81,35.72
2026-05-16T15:56:26+00:00,1778946986.226,99.88,48.169,125.789,38.29,77.683,155.643,49.91,36.02,35.81,35.72
2026-05-16T15:56:31+00:00,1778946991.227,99.89,48.182,125.789,38.30,77.691,155.643,49.92,36.02,35.81,35.72
2026-05-16T15:56:36+00:00,1778946996.229,99.89,48.192,125.789,38.31,77.697,155.643,49.92,36.10,35.83,35.73
2026-05-16T15:56:41+00:00,1778947001.230,99.87,48.207,125.789,38.32,77.702,155.643,49.92,36.01,35.82,35.72
2026-05-16T15:56:46+00:00,1778947006.232,99.88,48.212,125.789,38.33,77.709,155.643,49.93,35.77,35.77,35.71
2026-05-16T15:56:51+00:00,1778947011.233,99.87,48.323,125.789,38.42,77.718,155.643,49.93,35.79,35.77,35.71
2026-05-16T15:56:56+00:00,1778947016.234,99.87,48.320,125.789,38.41,77.728,155.643,49.94,35.49,35.71,35.69
2026-05-16T15:57:01+00:00,1778947021.236,99.85,48.330,125.789,38.42,77.739,155.643,49.95,35.37,35.68,35.68
2026-05-16T15:57:06+00:00,1778947026.237,99.88,48.330,125.789,38.42,77.755,155.643,49.96,35.26,35.65,35.67
2026-05-16T15:57:11+00:00,1778947031.238,99.86,48.322,125.789,38.42,77.774,155.643,49.97,35.08,35.61,35.66
2026-05-16T15:57:16+00:00,1778947036.240,99.87,48.316,125.789,38.41,77.789,155.643,49.98,35.39,35.67,35.68
2026-05-16T15:57:21+00:00,1778947041.241,99.87,48.306,125.789,38.40,77.800,155.643,49.99,35.12,35.61,35.66
2026-05-16T15:57:26+00:00,1778947046.242,99.88,48.309,125.789,38.40,77.810,155.643,49.99,35.83,35.75,35.70
2026-05-16T15:57:31+00:00,1778947051.243,99.87,48.295,125.789,38.39,77.821,155.643,50.00,36.96,35.98,35.78
2026-05-16T15:57:36+00:00,1778947056.245,99.87,48.299,125.789,38.40,77.830,155.643,50.01,36.57,35.92,35.76
2026-05-16T15:57:41+00:00,1778947061.246,99.86,48.309,125.789,38.41,77.839,155.643,50.01,36.20,35.85,35.74
2026-05-16T15:57:46+00:00,1778947066.247,99.87,48.313,125.789,38.41,77.847,155.643,50.02,35.86,35.79,35.72
2026-05-16T15:57:51+00:00,1778947071.249,99.88,48.319,125.789,38.41,77.855,155.643,50.02,36.12,35.84,35.74
2026-05-16T15:57:56+00:00,1778947076.250,99.87,48.327,125.789,38.42,77.864,155.643,50.03,35.87,35.79,35.72
2026-05-16T15:58:01+00:00,1778947081.251,99.89,48.349,125.789,38.44,77.873,155.643,50.03,36.60,35.95,35.77
2026-05-16T15:58:06+00:00,1778947086.253,99.91,48.360,125.789,38.45,77.882,155.643,50.04,36.23,35.88,35.75
2026-05-16T15:58:11+00:00,1778947091.254,99.88,48.373,125.789,38.46,77.887,155.643,50.04,36.45,35.93,35.77
2026-05-16T15:58:16+00:00,1778947096.255,99.86,48.380,125.789,38.46,77.892,155.643,50.05,36.17,35.88,35.75
2026-05-16T15:58:21+00:00,1778947101.256,99.87,48.419,125.789,38.49,77.899,155.643,50.05,36.08,35.87,35.75
2026-05-16T15:58:26+00:00,1778947106.258,99.87,48.422,125.789,38.49,77.906,155.643,50.05,36.23,35.90,35.76
2026-05-16T15:58:31+00:00,1778947111.259,99.86,48.527,125.789,38.58,77.915,155.643,50.06,36.22,35.91,35.76
2026-05-16T15:58:36+00:00,1778947116.260,99.87,48.508,125.789,38.56,77.926,155.643,50.07,36.68,36.01,35.80
2026-05-16T15:58:41+00:00,1778947121.262,99.89,48.515,125.789,38.57,77.941,155.643,50.08,36.30,35.94,35.77
2026-05-16T15:58:46+00:00,1778947126.263,99.88,48.530,125.789,38.58,77.959,155.643,50.09,36.20,35.93,35.77
2026-05-16T15:58:51+00:00,1778947131.264,99.89,48.521,125.789,38.57,77.972,155.643,50.10,35.86,35.86,35.75
2026-05-16T15:58:56+00:00,1778947136.266,99.89,48.505,125.789,38.56,77.982,155.643,50.10,35.63,35.81,35.73
2026-05-16T15:59:01+00:00,1778947141.267,99.86,48.504,125.789,38.56,77.992,155.643,50.11,36.46,35.98,35.79
2026-05-16T15:59:06+00:00,1778947146.268,99.89,48.490,125.789,38.55,78.002,155.643,50.12,36.19,35.93,35.77
2026-05-16T15:59:11+00:00,1778947151.270,99.86,48.499,125.789,38.56,78.011,155.643,50.12,35.85,35.87,35.75
2026-05-16T15:59:16+00:00,1778947156.271,99.87,48.511,125.789,38.57,78.019,155.643,50.13,36.02,35.90,35.77
2026-05-16T15:59:21+00:00,1778947161.272,99.88,48.515,125.789,38.57,78.024,155.643,50.13,35.78,35.85,35.75
2026-05-16T15:59:26+00:00,1778947166.274,99.89,48.513,125.789,38.57,78.031,155.643,50.13,35.48,35.79,35.73
2026-05-16T15:59:31+00:00,1778947171.275,99.86,48.519,125.789,38.57,78.038,155.643,50.14,35.36,35.76,35.72
2026-05-16T15:59:36+00:00,1778947176.276,99.88,48.490,125.789,38.55,78.047,155.643,50.14,36.37,35.96,35.79
2026-05-16T15:59:41+00:00,1778947181.277,99.89,48.492,125.789,38.55,78.055,155.643,50.15,36.10,35.91,35.77
2026-05-16T15:59:46+00:00,1778947186.279,99.89,48.489,125.789,38.55,78.063,155.643,50.16,35.85,35.86,35.76
2026-05-16T15:59:51+00:00,1778947191.280,99.87,48.489,125.789,38.55,78.068,155.643,50.16,35.70,35.83,35.75
2026-05-16T15:59:56+00:00,1778947196.281,99.85,48.495,125.789,38.55,78.074,155.643,50.16,35.49,35.79,35.73
2026-05-16T16:00:01+00:00,1778947201.283,99.88,48.498,125.789,38.56,78.082,155.643,50.17,35.29,35.74,35.72
2026-05-16T16:00:06+00:00,1778947206.284,99.89,48.607,125.789,38.64,78.091,155.643,50.17,35.27,35.73,35.71
2026-05-16T16:00:11+00:00,1778947211.291,99.89,48.598,125.789,38.63,78.102,155.643,50.18,35.08,35.68,35.70
2026-05-16T16:00:16+00:00,1778947216.293,99.86,48.622,125.789,38.65,78.117,155.643,50.19,36.04,35.87,35.76
2026-05-16T16:00:21+00:00,1778947221.294,99.87,48.614,125.789,38.65,78.136,155.643,50.20,36.84,36.04,35.81
2026-05-16T16:00:26+00:00,1778947226.295,99.86,48.605,125.789,38.64,78.153,155.643,50.21,36.61,36.00,35.81
2026-05-16T16:00:31+00:00,1778947231.296,99.88,48.586,125.789,38.63,78.164,155.643,50.22,36.24,35.94,35.78
2026-05-16T16:00:36+00:00,1778947236.298,99.89,48.582,125.789,38.62,78.175,155.643,50.23,36.30,35.95,35.79
2026-05-16T16:00:41+00:00,1778947241.299,99.87,48.577,125.789,38.62,78.186,155.643,50.23,36.20,35.94,35.79
2026-05-16T16:00:46+00:00,1778947246.300,99.87,48.605,125.789,38.64,78.195,155.643,50.24,35.86,35.87,35.77
2026-05-16T16:00:51+00:00,1778947251.302,99.88,48.607,125.789,38.64,78.204,155.643,50.25,35.55,35.81,35.75
2026-05-16T16:00:56+00:00,1778947256.303,99.87,48.618,125.789,38.65,78.211,155.643,50.25,35.75,35.85,35.76
2026-05-16T16:01:01+00:00,1778947261.304,99.88,48.624,125.789,38.66,78.217,155.643,50.25,35.69,35.83,35.75
2026-05-16T16:01:06+00:00,1778947266.306,99.87,48.631,125.789,38.66,78.225,155.643,50.26,35.63,35.82,35.75
2026-05-16T16:01:11+00:00,1778947271.307,99.88,48.637,125.789,38.67,78.234,155.643,50.27,35.98,35.89,35.77
2026-05-16T16:01:16+00:00,1778947276.308,99.87,48.646,125.789,38.67,78.243,155.643,50.27,36.54,36.01,35.81
2026-05-16T16:01:21+00:00,1778947281.310,99.88,48.671,125.789,38.69,78.250,155.643,50.28,37.30,36.17,35.87
2026-05-16T16:01:26+00:00,1778947286.311,99.87,48.678,125.789,38.70,78.255,155.643,50.28,37.12,36.15,35.86
2026-05-16T16:01:31+00:00,1778947291.312,99.86,48.688,125.789,38.71,78.261,155.643,50.28,36.79,36.10,35.85
2026-05-16T16:01:36+00:00,1778947296.313,99.88,48.697,125.789,38.71,78.268,155.643,50.29,36.64,36.08,35.84
2026-05-16T16:01:41+00:00,1778947301.315,99.89,48.784,125.789,38.78,78.276,155.643,50.29,37.15,36.20,35.88
2026-05-16T16:01:46+00:00,1778947306.316,99.88,48.766,125.789,38.77,78.287,155.643,50.30,37.54,36.29,35.91
2026-05-16T16:01:51+00:00,1778947311.317,99.89,48.768,125.789,38.77,78.303,155.643,50.31,37.42,36.29,35.91
2026-05-16T16:01:56+00:00,1778947316.318,99.87,48.769,125.789,38.77,78.323,155.643,50.32,37.54,36.33,35.93
2026-05-16T16:02:01+00:00,1778947321.320,99.87,48.759,125.789,38.76,78.337,155.643,50.33,37.18,36.28,35.91
2026-05-16T16:02:06+00:00,1778947326.321,99.89,48.746,125.789,38.75,78.348,155.643,50.34,36.93,36.24,35.90
2026-05-16T16:02:11+00:00,1778947331.322,99.87,48.753,125.789,38.76,78.357,155.643,50.34,36.93,36.25,35.91
2026-05-16T16:02:16+00:00,1778947336.324,99.87,48.741,125.789,38.75,78.367,155.643,50.35,36.86,36.25,35.91
2026-05-16T16:02:21+00:00,1778947341.325,99.88,48.749,125.789,38.75,78.376,155.643,50.36,36.47,36.18,35.89
2026-05-16T16:02:26+00:00,1778947346.326,99.86,48.755,125.789,38.76,78.383,155.643,50.36,36.19,36.12,35.87
2026-05-16T16:02:31+00:00,1778947351.328,99.88,48.755,125.789,38.76,78.389,155.643,50.36,36.50,36.19,35.90
2026-05-16T16:02:36+00:00,1778947356.329,99.89,48.755,125.789,38.76,78.395,155.643,50.37,35.97,36.08,35.86
2026-05-16T16:02:41+00:00,1778947361.330,99.87,48.760,125.789,38.76,78.402,155.643,50.37,36.94,36.28,35.93
2026-05-16T16:02:46+00:00,1778947366.332,99.88,48.768,125.789,38.77,78.410,155.643,50.38,36.54,36.21,35.91
2026-05-16T16:02:51+00:00,1778947371.333,99.88,48.773,125.789,38.77,78.419,155.643,50.38,36.26,36.16,35.89
2026-05-16T16:02:56+00:00,1778947376.334,99.88,48.784,125.789,38.78,78.427,155.643,50.39,36.80,36.27,35.93
2026-05-16T16:03:01+00:00,1778947381.336,99.88,48.789,125.789,38.79,78.433,155.643,50.39,37.70,36.47,36.00
2026-05-16T16:03:06+00:00,1778947386.337,99.87,48.798,125.789,38.79,78.439,155.643,50.40,37.32,36.41,35.98
2026-05-16T16:03:11+00:00,1778947391.338,99.87,48.806,125.789,38.80,78.446,155.643,50.40,36.89,36.34,35.96
2026-05-16T16:03:16+00:00,1778947396.339,99.86,48.917,125.789,38.89,78.455,155.643,50.41,36.50,36.26,35.94
2026-05-16T16:03:21+00:00,1778947401.341,99.86,48.908,125.789,38.88,78.468,155.643,50.42,36.14,36.19,35.91
2026-05-16T16:03:26+00:00,1778947406.342,99.86,48.921,125.789,38.89,78.484,155.643,50.43,36.69,36.31,35.95
2026-05-16T16:03:31+00:00,1778947411.343,99.87,48.917,125.789,38.89,78.505,155.643,50.44,37.44,36.47,36.01
2026-05-16T16:03:36+00:00,1778947416.345,99.86,48.894,125.789,38.87,78.520,155.643,50.45,37.56,36.51,36.02
2026-05-16T16:03:41+00:00,1778947421.346,99.87,48.876,125.789,38.86,78.531,155.643,50.46,37.12,36.43,36.00
2026-05-16T16:03:46+00:00,1778947426.348,99.87,48.875,125.789,38.85,78.541,155.643,50.46,37.59,36.54,36.04
2026-05-16T16:03:51+00:00,1778947431.349,99.87,48.861,125.789,38.84,78.551,155.643,50.47,37.22,36.48,36.02
2026-05-16T16:03:56+00:00,1778947436.350,99.87,48.864,125.789,38.85,78.560,155.643,50.47,36.80,36.41,36.00
2026-05-16T16:04:01+00:00,1778947441.352,99.87,48.870,125.789,38.85,78.569,155.643,50.48,37.14,36.49,36.03
2026-05-16T16:04:06+00:00,1778947446.353,99.86,48.881,125.789,38.86,78.577,155.643,50.49,37.53,36.58,36.06
2026-05-16T16:04:11+00:00,1778947451.354,99.87,48.888,125.789,38.87,78.585,155.643,50.49,37.08,36.50,36.04
2026-05-16T16:04:16+00:00,1778947456.355,99.88,48.892,125.789,38.87,78.594,155.643,50.50,38.12,36.73,36.11
2026-05-16T16:04:21+00:00,1778947461.357,99.84,48.907,125.789,38.88,78.604,155.643,50.50,37.63,36.65,36.09
2026-05-16T16:04:26+00:00,1778947466.358,99.89,48.914,125.789,38.89,78.611,155.643,50.51,37.50,36.64,36.09
2026-05-16T16:04:31+00:00,1778947471.359,99.88,48.919,125.789,38.89,78.617,155.643,50.51,37.86,36.73,36.12
2026-05-16T16:04:36+00:00,1778947476.361,99.87,48.928,125.789,38.90,78.622,155.643,50.51,37.79,36.73,36.13
2026-05-16T16:04:41+00:00,1778947481.362,99.87,48.938,125.789,38.90,78.629,155.643,50.52,37.33,36.65,36.10
2026-05-16T16:04:46+00:00,1778947486.364,99.87,49.042,125.789,38.99,78.638,155.643,50.52,36.90,36.57,36.08
2026-05-16T16:04:51+00:00,1778947491.365,99.86,49.027,125.789,38.98,78.648,155.643,50.53,36.75,36.55,36.08
2026-05-16T16:04:56+00:00,1778947496.366,99.89,49.039,125.789,38.99,78.662,155.643,50.54,37.49,36.71,36.13
2026-05-16T16:05:01+00:00,1778947501.367,99.88,49.037,125.789,38.98,78.681,155.643,50.55,37.29,36.68,36.12
2026-05-16T16:05:06+00:00,1778947506.369,99.88,49.027,125.789,38.98,78.696,155.643,50.56,36.86,36.60,36.10
2026-05-16T16:05:11+00:00,1778947511.370,99.88,49.009,125.789,38.96,78.708,155.643,50.57,36.47,36.52,36.08
2026-05-16T16:05:16+00:00,1778947516.371,99.89,49.008,125.789,38.96,78.717,155.643,50.58,36.20,36.46,36.06
2026-05-16T16:05:21+00:00,1778947521.373,99.88,48.995,125.789,38.95,78.727,155.643,50.58,35.86,36.39,36.04
2026-05-16T16:05:26+00:00,1778947526.374,99.88,49.002,125.789,38.96,78.737,155.643,50.59,35.87,36.38,36.04
2026-05-16T16:05:31+00:00,1778947531.375,99.89,49.013,125.789,38.96,78.744,155.643,50.59,35.64,36.33,36.02
2026-05-16T16:05:36+00:00,1778947536.376,99.87,49.025,125.789,38.97,78.751,155.643,50.60,36.39,36.47,36.07
2026-05-16T16:05:41+00:00,1778947541.378,99.88,49.029,125.789,38.98,78.758,155.643,50.60,36.04,36.40,36.05
2026-05-16T16:05:46+00:00,1778947546.379,99.86,49.035,125.789,38.98,78.767,155.643,50.61,36.04,36.39,36.05
2026-05-16T16:05:51+00:00,1778947551.380,99.86,49.049,125.789,38.99,78.775,155.643,50.61,36.43,36.47,36.08
2026-05-16T16:05:56+00:00,1778947556.382,99.87,49.060,125.789,39.00,78.784,155.643,50.62,36.16,36.41,36.06
2026-05-16T16:06:01+00:00,1778947561.383,99.89,49.063,125.789,39.00,78.791,155.643,50.62,36.15,36.40,36.06
2026-05-16T16:06:06+00:00,1778947566.384,99.89,49.071,125.789,39.01,78.797,155.643,50.63,36.77,36.53,36.10
2026-05-16T16:06:11+00:00,1778947571.385,99.89,49.083,125.789,39.02,78.804,155.643,50.63,36.39,36.45,36.08
2026-05-16T16:06:16+00:00,1778947576.387,99.88,49.201,125.789,39.11,78.813,155.643,50.64,36.04,36.38,36.06
2026-05-16T16:06:21+00:00,1778947581.388,99.87,49.202,125.789,39.11,78.825,155.643,50.64,35.80,36.32,36.04
2026-05-16T16:06:26+00:00,1778947586.389,99.84,49.233,125.789,39.14,78.838,155.643,50.65,35.57,36.27,36.02
2026-05-16T16:06:31+00:00,1778947591.391,99.86,49.225,125.789,39.13,78.857,155.643,50.67,35.37,36.21,36.01
2026-05-16T16:06:36+00:00,1778947596.392,99.88,49.215,125.789,39.12,78.875,155.643,50.68,35.18,36.16,35.99
2026-05-16T16:06:41+00:00,1778947601.394,99.87,49.194,125.789,39.11,78.888,155.643,50.69,35.00,36.11,35.97
2026-05-16T16:06:46+00:00,1778947606.395,99.87,49.196,125.789,39.11,78.898,155.643,50.69,34.84,36.05,35.96
2026-05-16T16:06:51+00:00,1778947611.396,99.87,49.189,125.789,39.10,78.909,155.643,50.70,35.09,36.09,35.97
2026-05-16T16:06:56+00:00,1778947616.397,99.87,49.191,125.789,39.11,78.918,155.643,50.70,35.89,36.24,36.02
2026-05-16T16:07:01+00:00,1778947621.399,99.89,49.193,125.789,39.11,78.928,155.643,50.71,36.54,36.36,36.06
2026-05-16T16:07:06+00:00,1778947626.400,99.88,49.206,125.789,39.12,78.936,155.643,50.72,36.58,36.37,36.07
2026-05-16T16:07:11+00:00,1778947631.401,99.88,49.215,125.789,39.13,78.943,155.643,50.72,36.29,36.32,36.05
2026-05-16T16:07:16+00:00,1778947636.402,99.88,49.226,125.789,39.13,78.952,155.643,50.73,36.02,36.26,36.03
2026-05-16T16:07:21+00:00,1778947641.404,99.87,49.229,125.789,39.14,78.961,155.643,50.73,35.78,36.21,36.02
2026-05-16T16:07:26+00:00,1778947646.405,99.87,49.236,125.789,39.14,78.970,155.643,50.74,36.28,36.31,36.05
2026-05-16T16:07:31+00:00,1778947651.406,99.86,49.243,125.789,39.15,78.978,155.643,50.74,35.94,36.23,36.03
2026-05-16T16:07:36+00:00,1778947656.408,99.87,49.251,125.789,39.15,78.984,155.643,50.75,35.70,36.18,36.01
2026-05-16T16:07:41+00:00,1778947661.409,99.88,49.256,125.789,39.16,78.990,155.643,50.75,35.49,36.13,35.99
2026-05-16T16:07:46+00:00,1778947666.410,99.88,49.266,125.789,39.17,78.998,155.643,50.76,35.21,36.06,35.97
2026-05-16T16:07:51+00:00,1778947671.411,99.87,49.371,125.789,39.25,79.006,155.643,50.76,35.03,36.01,35.96
2026-05-16T16:07:56+00:00,1778947676.413,99.85,49.363,125.789,39.24,79.017,155.643,50.77,35.51,36.09,35.98
2026-05-16T16:08:01+00:00,1778947681.414,99.88,49.376,125.789,39.25,79.032,155.643,50.78,36.03,36.19,36.02
2026-05-16T16:08:06+00:00,1778947686.415,99.89,49.374,125.789,39.25,79.052,155.643,50.79,35.87,36.15,36.01
2026-05-16T16:08:11+00:00,1778947691.417,99.87,49.348,125.789,39.23,79.067,155.643,50.80,35.64,36.10,35.99
2026-05-16T16:08:16+00:00,1778947696.418,99.89,49.342,125.789,39.23,79.079,155.643,50.81,36.63,36.30,36.05
2026-05-16T16:08:21+00:00,1778947701.419,99.88,49.348,125.789,39.23,79.088,155.643,50.81,37.22,36.42,36.10
2026-05-16T16:08:26+00:00,1778947706.421,99.87,49.335,125.789,39.22,79.099,155.643,50.82,37.68,36.53,36.13
2026-05-16T16:08:31+00:00,1778947711.422,99.87,49.337,125.789,39.22,79.108,155.643,50.83,37.22,36.46,36.11
2026-05-16T16:08:36+00:00,1778947716.423,99.87,49.339,125.789,39.22,79.116,155.643,50.83,36.81,36.38,36.09
2026-05-16T16:08:41+00:00,1778947721.425,99.87,49.357,125.789,39.24,79.124,155.643,50.84,36.50,36.33,36.07
2026-05-16T16:08:46+00:00,1778947726.426,99.86,49.366,125.789,39.25,79.132,155.643,50.84,36.22,36.27,36.06
2026-05-16T16:08:51+00:00,1778947731.427,99.87,49.372,125.789,39.25,79.139,155.643,50.85,36.76,36.38,36.09
2026-05-16T16:08:56+00:00,1778947736.429,99.87,49.382,125.789,39.26,79.148,155.643,50.85,36.46,36.33,36.08
2026-05-16T16:09:01+00:00,1778947741.430,99.88,49.389,125.789,39.26,79.156,155.643,50.86,36.26,36.29,36.06
2026-05-16T16:09:06+00:00,1778947746.431,99.87,49.397,125.789,39.27,79.163,155.643,50.86,36.80,36.40,36.10
2026-05-16T16:09:11+00:00,1778947751.433,99.87,49.400,125.789,39.27,79.169,155.643,50.87,36.50,36.34,36.09
2026-05-16T16:09:16+00:00,1778947756.434,99.88,49.412,125.789,39.28,79.176,155.643,50.87,36.86,36.42,36.11
2026-05-16T16:09:21+00:00,1778947761.435,99.88,49.422,125.789,39.29,79.184,155.643,50.88,36.71,36.40,36.11
2026-05-16T16:09:26+00:00,1778947766.436,99.89,49.527,125.789,39.37,79.192,155.643,50.88,37.45,36.56,36.16
2026-05-16T16:09:31+00:00,1778947771.438,99.88,49.549,125.789,39.39,79.204,155.643,50.89,37.42,36.56,36.16
2026-05-16T16:09:36+00:00,1778947776.439,99.87,49.555,125.789,39.40,79.218,155.643,50.90,37.14,36.52,36.15
2026-05-16T16:09:41+00:00,1778947781.440,99.89,49.554,125.789,39.39,79.235,155.643,50.91,36.73,36.45,36.13
2026-05-16T16:09:46+00:00,1778947786.442,99.90,49.548,125.789,39.39,79.251,155.643,50.92,36.43,36.39,36.11
2026-05-16T16:09:51+00:00,1778947791.443,99.91,49.538,125.789,39.38,79.262,155.643,50.93,36.80,36.47,36.14
2026-05-16T16:09:56+00:00,1778947796.444,99.89,49.528,125.789,39.37,79.272,155.643,50.93,36.49,36.41,36.12
2026-05-16T16:10:01+00:00,1778947801.445,99.88,49.511,125.789,39.36,79.282,155.643,50.94,36.77,36.47,36.14
2026-05-16T16:10:06+00:00,1778947806.447,99.88,49.524,125.789,39.37,79.291,155.643,50.94,36.55,36.43,36.13
2026-05-16T16:10:11+00:00,1778947811.448,99.86,49.530,125.789,39.38,79.300,155.643,50.95,37.15,36.55,36.17
2026-05-16T16:10:16+00:00,1778947816.449,99.87,49.533,125.789,39.38,79.308,155.643,50.96,36.98,36.53,36.17
2026-05-16T16:10:21+00:00,1778947821.451,99.89,49.537,125.789,39.38,79.316,155.643,50.96,37.46,36.63,36.20
2026-05-16T16:10:26+00:00,1778947826.452,99.87,49.541,125.789,39.38,79.323,155.643,50.96,37.42,36.64,36.21
2026-05-16T16:10:31+00:00,1778947831.453,99.88,49.551,125.789,39.39,79.331,155.643,50.97,37.07,36.58,36.19
2026-05-16T16:10:36+00:00,1778947836.455,99.89,49.606,125.789,39.44,79.340,155.643,50.98,36.66,36.50,36.17
2026-05-16T16:10:41+00:00,1778947841.456,99.89,49.615,125.789,39.44,79.347,155.643,50.98,36.37,36.45,36.15
2026-05-16T16:10:46+00:00,1778947846.457,99.86,49.628,125.789,39.45,79.352,155.643,50.98,36.74,36.52,36.18
2026-05-16T16:10:51+00:00,1778947851.459,99.88,49.639,125.789,39.46,79.357,155.643,50.99,36.44,36.46,36.16
2026-05-16T16:10:56+00:00,1778947856.460,99.88,49.650,125.789,39.47,79.364,155.643,50.99,37.12,36.60,36.21
2026-05-16T16:11:01+00:00,1778947861.461,99.87,49.770,125.789,39.57,79.371,155.643,51.00,36.79,36.54,36.19
2026-05-16T16:11:06+00:00,1778947866.463,99.89,49.753,125.789,39.55,79.380,155.643,51.00,36.41,36.47,36.17
2026-05-16T16:11:11+00:00,1778947871.464,99.87,49.744,125.789,39.55,79.392,155.643,51.01,36.86,36.56,36.20
2026-05-16T16:11:16+00:00,1778947876.465,99.87,49.745,125.789,39.55,79.406,155.643,51.02,36.55,36.50,36.18
2026-05-16T16:11:21+00:00,1778947881.466,99.88,49.746,125.789,39.55,79.424,155.643,51.03,36.18,36.43,36.16
2026-05-16T16:11:26+00:00,1778947886.468,99.89,49.731,125.789,39.54,79.437,155.643,51.04,36.01,36.39,36.15
2026-05-16T16:11:31+00:00,1778947891.469,99.88,49.717,125.789,39.52,79.447,155.643,51.04,35.93,36.36,36.14
2026-05-16T16:11:36+00:00,1778947896.470,99.87,49.718,125.789,39.53,79.456,155.643,51.05,36.89,36.56,36.20
2026-05-16T16:11:41+00:00,1778947901.471,99.87,49.717,125.789,39.52,79.466,155.643,51.06,36.58,36.50,36.19
2026-05-16T16:11:46+00:00,1778947906.473,99.87,49.723,125.789,39.53,79.473,155.643,51.06,36.86,36.56,36.21
2026-05-16T16:11:51+00:00,1778947911.474,99.88,49.734,125.789,39.54,79.480,155.643,51.07,36.47,36.48,36.18
2026-05-16T16:11:56+00:00,1778947916.475,99.86,49.740,125.789,39.54,79.486,155.643,51.07,36.19,36.42,36.17
2026-05-16T16:12:01+00:00,1778947921.477,99.89,49.745,125.789,39.55,79.493,155.643,51.07,36.17,36.41,36.17
2026-05-16T16:12:06+00:00,1778947926.478,99.88,49.752,125.789,39.55,79.501,155.643,51.08,35.84,36.34,36.14
2026-05-16T16:12:11+00:00,1778947931.479,99.88,49.758,125.789,39.56,79.509,155.643,51.08,36.17,36.40,36.16
2026-05-16T16:12:16+00:00,1778947936.480,99.88,49.768,125.789,39.57,79.517,155.643,51.09,36.56,36.48,36.19
2026-05-16T16:12:21+00:00,1778947941.482,99.87,49.776,125.789,39.57,79.526,155.643,51.10,36.43,36.45,36.18
2026-05-16T16:12:26+00:00,1778947946.483,99.89,49.782,125.789,39.58,79.532,155.643,51.10,36.16,36.40,36.17
2026-05-16T16:12:31+00:00,1778947951.485,99.88,49.779,125.789,39.57,79.538,155.643,51.10,35.91,36.34,36.15
2026-05-16T16:12:36+00:00,1778947956.486,99.88,49.775,125.789,39.57,79.546,155.643,51.11,35.75,36.30,36.14
2026-05-16T16:12:41+00:00,1778947961.487,99.86,49.886,125.789,39.66,79.555,155.643,51.11,35.45,36.23,36.12
2026-05-16T16:12:46+00:00,1778947966.488,99.88,49.886,125.789,39.66,79.567,155.643,51.12,35.34,36.19,36.10
2026-05-16T16:12:51+00:00,1778947971.490,99.89,49.886,125.789,39.66,79.581,155.643,51.13,35.39,36.19,36.10
2026-05-16T16:12:56+00:00,1778947976.491,99.88,49.882,125.789,39.66,79.600,155.643,51.14,35.28,36.15,36.09
2026-05-16T16:13:01+00:00,1778947981.492,99.87,49.871,125.789,39.65,79.616,155.643,51.15,35.82,36.25,36.12
2026-05-16T16:13:06+00:00,1778947986.494,99.88,49.856,125.789,39.63,79.627,155.643,51.16,35.51,36.18,36.10
2026-05-16T16:13:11+00:00,1778947991.495,99.89,49.842,125.789,39.62,79.638,155.643,51.17,35.47,36.16,36.09
2026-05-16T16:13:16+00:00,1778947996.496,99.89,49.841,125.789,39.62,79.648,155.643,51.17,36.31,36.32,36.15
2026-05-16T16:13:21+00:00,1778948001.498,99.88,49.846,125.789,39.63,79.657,155.643,51.18,35.89,36.23,36.12
2026-05-16T16:13:26+00:00,1778948006.499,99.88,49.848,125.789,39.63,79.666,155.643,51.19,35.74,36.20,36.11
2026-05-16T16:13:31+00:00,1778948011.500,99.87,49.854,125.789,39.63,79.674,155.643,51.19,35.44,36.13,36.09
2026-05-16T16:13:36+00:00,1778948016.501,99.87,49.865,125.789,39.64,79.680,155.643,51.19,35.32,36.09,36.07
2026-05-16T16:13:41+00:00,1778948021.503,99.87,49.872,125.789,39.65,79.688,155.643,51.20,35.22,36.06,36.06
2026-05-16T16:13:46+00:00,1778948026.504,99.87,49.876,125.789,39.65,79.697,155.643,51.21,34.96,35.99,36.04
2026-05-16T16:13:51+00:00,1778948031.505,99.89,49.909,125.789,39.68,79.706,155.643,51.21,34.96,35.97,36.04
2026-05-16T16:13:56+00:00,1778948036.507,99.88,49.916,125.789,39.68,79.712,155.643,51.21,34.80,35.92,36.02
2026-05-16T16:14:01+00:00,1778948041.508,99.88,49.922,125.789,39.69,79.716,155.643,51.22,35.06,35.96,36.03
2026-05-16T16:14:06+00:00,1778948046.509,99.89,49.930,125.789,39.69,79.722,155.643,51.22,34.89,35.91,36.01
2026-05-16T16:14:11+00:00,1778948051.511,99.87,49.942,125.789,39.70,79.728,155.643,51.23,34.66,35.84,35.99
2026-05-16T16:14:16+00:00,1778948056.512,99.87,50.041,125.789,39.78,79.736,155.643,51.23,35.01,35.89,36.01
2026-05-16T16:14:21+00:00,1778948061.514,99.88,50.036,125.789,39.78,79.746,155.643,51.24,34.85,35.85,35.99
2026-05-16T16:14:26+00:00,1778948066.515,99.89,50.050,125.789,39.79,79.759,155.643,51.25,35.26,35.92,36.01
2026-05-16T16:14:31+00:00,1778948071.516,99.89,50.045,125.789,39.79,79.778,155.643,51.26,35.16,35.88,36.00
2026-05-16T16:14:36+00:00,1778948076.518,99.88,50.029,125.789,39.77,79.795,155.643,51.27,35.07,35.85,35.99
2026-05-16T16:14:41+00:00,1778948081.519,99.89,50.031,125.789,39.77,79.807,155.643,51.28,35.06,35.84,35.98
2026-05-16T16:14:46+00:00,1778948086.520,99.88,50.027,125.789,39.77,79.817,155.643,51.28,34.82,35.77,35.96
2026-05-16T16:14:51+00:00,1778948091.522,99.88,50.014,125.789,39.76,79.827,155.643,51.29,34.67,35.73,35.95
2026-05-16T16:14:56+00:00,1778948096.523,99.89,50.024,125.789,39.77,79.836,155.643,51.29,34.46,35.66,35.93
2026-05-16T16:15:01+00:00,1778948101.524,99.89,50.036,125.789,39.78,79.843,155.643,51.30,34.34,35.62,35.91
2026-05-16T16:15:06+00:00,1778948106.526,99.87,50.049,125.789,39.79,79.849,155.643,51.30,34.15,35.56,35.89
2026-05-16T16:15:11+00:00,1778948111.527,99.87,50.055,125.789,39.79,79.856,155.643,51.31,33.98,35.50,35.87
2026-05-16T16:15:16+00:00,1778948116.529,99.87,50.063,125.789,39.80,79.863,155.643,51.31,33.82,35.44,35.85
2026-05-16T16:15:21+00:00,1778948121.530,99.87,50.071,125.789,39.81,79.870,155.643,51.32,33.76,35.40,35.83
2026-05-16T16:15:26+00:00,1778948126.531,99.86,50.080,125.789,39.81,79.878,155.643,51.32,33.61,35.34,35.81
2026-05-16T16:15:31+00:00,1778948131.533,99.86,50.086,125.789,39.82,79.886,155.643,51.33,34.53,35.50,35.86
2026-05-16T16:15:36+00:00,1778948136.534,99.86,50.100,125.789,39.83,79.893,155.643,51.33,34.64,35.51,35.86
2026-05-16T16:15:41+00:00,1778948141.535,99.87,50.101,125.789,39.83,79.898,155.643,51.33,34.43,35.45,35.84
2026-05-16T16:15:46+00:00,1778948146.537,99.87,50.108,125.789,39.83,79.905,155.643,51.34,34.32,35.41,35.82
2026-05-16T16:15:51+00:00,1778948151.538,99.87,50.246,125.789,39.94,79.913,155.643,51.34,35.17,35.57,35.87
2026-05-16T16:15:56+00:00,1778948156.539,99.87,50.233,125.789,39.93,79.923,155.643,51.35,35.56,35.65,35.90
2026-05-16T16:16:01+00:00,1778948161.541,99.87,50.241,125.789,39.94,79.934,155.643,51.36,35.27,35.59,35.87
2026-05-16T16:16:06+00:00,1778948166.542,99.87,50.242,125.789,39.94,79.949,155.643,51.37,35.09,35.54,35.86
2026-05-16T16:16:11+00:00,1778948171.543,99.86,50.241,125.789,39.94,79.970,155.643,51.38,35.25,35.57,35.87
2026-05-16T16:16:16+00:00,1778948176.545,99.87,50.225,125.789,39.93,79.983,155.643,51.39,35.06,35.52,35.85
2026-05-16T16:16:21+00:00,1778948181.546,99.86,50.212,125.789,39.92,79.993,155.643,51.40,34.98,35.50,35.84
2026-05-16T16:16:26+00:00,1778948186.547,99.89,50.212,125.789,39.92,80.003,155.643,51.40,34.74,35.44,35.82
2026-05-16T16:16:31+00:00,1778948191.549,99.86,50.202,125.789,39.91,80.013,155.643,51.41,34.52,35.38,35.80
2026-05-16T16:16:36+00:00,1778948196.550,99.87,50.207,125.789,39.91,80.023,155.643,51.41,34.40,35.34,35.78
2026-05-16T16:16:41+00:00,1778948201.551,99.87,50.217,125.789,39.92,80.031,155.643,51.42,34.21,35.29,35.76
2026-05-16T16:16:46+00:00,1778948206.553,99.86,50.230,125.789,39.93,80.038,155.643,51.42,34.11,35.25,35.75
2026-05-16T16:16:51+00:00,1778948211.554,99.84,50.236,125.789,39.94,80.045,155.643,51.43,33.94,35.20,35.73
2026-05-16T16:16:56+00:00,1778948216.555,99.86,50.243,125.789,39.94,80.053,155.643,51.43,34.91,35.38,35.78
2026-05-16T16:17:01+00:00,1778948221.557,99.87,50.250,125.789,39.95,80.061,155.643,51.44,34.67,35.32,35.76
2026-05-16T16:17:06+00:00,1778948226.558,99.85,50.259,125.789,39.96,80.070,155.643,51.44,34.70,35.31,35.76
2026-05-16T16:17:11+00:00,1778948231.559,99.86,50.266,125.789,39.96,80.076,155.643,51.45,34.48,35.26,35.74
2026-05-16T16:17:16+00:00,1778948236.561,99.87,50.272,125.789,39.97,80.081,155.643,51.45,34.36,35.22,35.72
2026-05-16T16:17:21+00:00,1778948241.562,99.87,50.287,125.789,39.98,80.087,155.643,51.46,34.17,35.17,35.70
2026-05-16T16:17:26+00:00,1778948246.563,99.86,50.301,125.789,39.99,80.095,155.643,51.46,34.00,35.11,35.68
2026-05-16T16:17:31+00:00,1778948251.565,99.86,50.400,125.789,40.07,80.103,155.643,51.47,34.08,35.11,35.68
2026-05-16T16:17:36+00:00,1778948256.566,99.87,50.385,125.789,40.06,80.114,155.643,51.47,34.63,35.21,35.71
2026-05-16T16:17:41+00:00,1778948261.567,99.89,50.392,125.789,40.06,80.128,155.643,51.48,35.14,35.31,35.73
2026-05-16T16:17:46+00:00,1778948266.569,99.87,50.389,125.789,40.06,80.146,155.643,51.49,35.21,35.32,35.74
2026-05-16T16:17:51+00:00,1778948271.570,99.86,50.385,125.789,40.06,80.161,155.643,51.50,35.44,35.36,35.75
2026-05-16T16:17:56+00:00,1778948276.571,99.87,50.359,125.789,40.03,80.171,155.643,51.51,35.16,35.31,35.73
2026-05-16T16:18:01+00:00,1778948281.573,99.87,50.361,125.789,40.04,80.180,155.643,51.52,34.91,35.25,35.71
2026-05-16T16:18:06+00:00,1778948286.574,99.89,50.350,125.789,40.03,80.189,155.643,51.52,34.76,35.21,35.69
2026-05-16T16:18:11+00:00,1778948291.575,99.86,50.358,125.789,40.03,80.198,155.643,51.53,35.66,35.39,35.75
2026-05-16T16:18:16+00:00,1778948296.577,99.86,50.367,125.789,40.04,80.205,155.643,51.53,35.36,35.34,35.73
2026-05-16T16:18:21+00:00,1778948301.578,99.87,50.395,125.789,40.06,80.211,155.643,51.54,35.57,35.38,35.74
2026-05-16T16:18:26+00:00,1778948306.579,99.86,50.403,125.789,40.07,80.219,155.643,51.54,35.37,35.34,35.72
2026-05-16T16:18:31+00:00,1778948311.581,99.85,50.411,125.789,40.08,80.226,155.643,51.55,35.10,35.29,35.70
2026-05-16T16:18:36+00:00,1778948316.582,99.87,50.422,125.789,40.09,80.235,155.643,51.55,34.85,35.23,35.68
2026-05-16T16:18:41+00:00,1778948321.584,99.87,50.437,125.789,40.10,80.243,155.643,51.56,35.58,35.38,35.73
2026-05-16T16:18:46+00:00,1778948326.585,99.87,50.441,125.789,40.10,80.251,155.643,51.56,36.34,35.54,35.78
2026-05-16T16:18:51+00:00,1778948331.586,99.86,50.448,125.789,40.11,80.258,155.643,51.57,36.87,35.66,35.82
2026-05-16T16:18:56+00:00,1778948336.588,99.87,50.459,125.789,40.11,80.265,155.643,51.57,36.64,35.63,35.81
2026-05-16T16:19:01+00:00,1778948341.589,99.87,50.566,125.789,40.20,80.272,155.643,51.57,36.43,35.61,35.80
2026-05-16T16:19:06+00:00,1778948346.590,99.89,50.559,125.789,40.19,80.282,155.643,51.58,36.15,35.56,35.78
2026-05-16T16:19:11+00:00,1778948351.592,99.86,50.582,125.789,40.21,80.294,155.643,51.59,35.82,35.50,35.76
2026-05-16T16:19:16+00:00,1778948356.593,99.86,50.595,125.789,40.22,80.311,155.643,51.60,35.75,35.50,35.76
2026-05-16T16:19:21+00:00,1778948361.594,99.87,50.590,125.789,40.22,80.330,155.643,51.61,36.50,35.65,35.81
2026-05-16T16:19:26+00:00,1778948366.595,99.86,50.569,125.789,40.20,80.344,155.643,51.62,36.86,35.74,35.84
2026-05-16T16:19:31+00:00,1778948371.597,99.86,50.564,125.789,40.20,80.355,155.643,51.63,36.55,35.70,35.82
2026-05-16T16:19:36+00:00,1778948376.598,99.86,50.568,125.789,40.20,80.365,155.643,51.63,36.98,35.80,35.85
2026-05-16T16:19:41+00:00,1778948381.600,99.86,50.565,125.789,40.20,80.376,155.643,51.64,36.83,35.79,35.85
2026-05-16T16:19:46+00:00,1778948386.601,99.86,50.565,125.789,40.20,80.385,155.643,51.65,36.44,35.72,35.83
2026-05-16T16:19:51+00:00,1778948391.602,99.87,50.574,125.789,40.21,80.393,155.643,51.65,36.64,35.78,35.85
2026-05-16T16:19:56+00:00,1778948396.604,99.87,50.575,125.789,40.21,80.400,155.643,51.66,36.51,35.77,35.84
2026-05-16T16:20:01+00:00,1778948401.605,99.87,50.584,125.789,40.21,80.407,155.643,51.66,36.31,35.74,35.83
2026-05-16T16:20:06+00:00,1778948406.606,99.87,50.591,125.789,40.22,80.415,155.643,51.67,36.05,35.69,35.81
2026-05-16T16:20:11+00:00,1778948411.607,99.87,50.602,125.789,40.23,80.423,155.643,51.67,36.04,35.70,35.82
2026-05-16T16:20:16+00:00,1778948416.609,99.86,50.616,125.789,40.24,80.431,155.643,51.68,36.28,35.75,35.83
2026-05-16T16:20:21+00:00,1778948421.610,99.86,50.626,125.789,40.25,80.437,155.643,51.68,36.02,35.70,35.82
2026-05-16T16:20:26+00:00,1778948426.611,99.85,50.633,125.789,40.25,80.441,155.643,51.68,35.77,35.66,35.80
2026-05-16T16:20:31+00:00,1778948431.613,99.86,50.639,125.789,40.26,80.449,155.643,51.69,35.95,35.70,35.81
2026-05-16T16:20:36+00:00,1778948436.614,99.87,50.647,125.789,40.26,80.456,155.643,51.69,35.64,35.64,35.79
2026-05-16T16:20:41+00:00,1778948441.615,99.83,50.740,125.789,40.34,80.465,155.643,51.70,35.66,35.64,35.80
2026-05-16T16:20:46+00:00,1778948446.617,99.87,50.739,125.789,40.34,80.478,155.643,51.71,35.61,35.63,35.79
2026-05-16T16:20:51+00:00,1778948451.618,99.84,50.747,125.789,40.34,80.496,155.643,51.72,35.32,35.57,35.77
2026-05-16T16:20:56+00:00,1778948456.619,99.87,50.736,125.789,40.33,80.514,155.643,51.73,35.78,35.66,35.80
2026-05-16T16:21:01+00:00,1778948461.621,99.86,50.712,125.789,40.32,80.527,155.643,51.74,35.55,35.62,35.78
2026-05-16T16:21:06+00:00,1778948466.622,99.86,50.710,125.789,40.31,80.537,155.643,51.75,35.43,35.59,35.77
2026-05-16T16:21:11+00:00,1778948471.623,99.86,50.708,125.789,40.31,80.547,155.643,51.75,35.23,35.55,35.76
2026-05-16T16:21:16+00:00,1778948476.625,99.86,50.720,125.789,40.32,80.557,155.643,51.76,35.86,35.67,35.80
2026-05-16T16:21:21+00:00,1778948481.626,99.85,50.731,125.789,40.33,80.565,155.643,51.76,35.71,35.64,35.79
2026-05-16T16:21:26+00:00,1778948486.627,99.86,50.737,125.789,40.34,80.570,155.643,51.77,35.81,35.67,35.80
2026-05-16T16:21:31+00:00,1778948491.628,99.87,50.742,125.789,40.34,80.576,155.643,51.77,36.47,35.81,35.84
2026-05-16T16:21:36+00:00,1778948496.630,99.85,50.759,125.789,40.35,80.584,155.643,51.77,36.99,35.93,35.88
2026-05-16T16:21:41+00:00,1778948501.631,99.86,50.772,125.789,40.36,80.592,155.643,51.78,36.91,35.93,35.88
2026-05-16T16:21:46+00:00,1778948506.633,99.86,50.776,125.789,40.37,80.601,155.643,51.79,36.76,35.91,35.87
2026-05-16T16:21:51+00:00,1778948511.634,99.86,50.779,125.789,40.37,80.609,155.643,51.79,36.38,35.85,35.85
2026-05-16T16:21:56+00:00,1778948516.635,99.86,50.790,125.789,40.38,80.617,155.643,51.80,36.51,35.88,35.87
2026-05-16T16:22:01+00:00,1778948521.637,99.89,50.794,125.789,40.38,80.623,155.643,51.80,36.23,35.83,35.85
2026-05-16T16:22:06+00:00,1778948526.638,99.87,50.802,125.789,40.39,80.630,155.643,51.80,35.89,35.77,35.83
2026-05-16T16:22:11+00:00,1778948531.639,99.86,50.930,125.789,40.49,80.638,155.643,51.81,35.58,35.71,35.81
2026-05-16T16:22:16+00:00,1778948536.641,99.86,50.911,125.789,40.47,80.647,155.643,51.82,35.37,35.66,35.79
2026-05-16T16:22:21+00:00,1778948541.642,99.87,50.935,125.789,40.49,80.659,155.643,51.82,35.10,35.60,35.77
2026-05-16T16:22:26+00:00,1778948546.643,99.86,50.939,125.789,40.50,80.676,155.643,51.83,35.81,35.74,35.82
2026-05-16T16:22:31+00:00,1778948551.645,99.86,50.932,125.789,40.49,80.697,155.643,51.85,35.59,35.69,35.80
2026-05-16T16:22:36+00:00,1778948556.646,99.87,50.901,125.789,40.47,80.711,155.643,51.86,35.70,35.72,35.81
2026-05-16T16:22:41+00:00,1778948561.647,99.88,50.890,125.789,40.46,80.721,155.643,51.86,35.48,35.67,35.79
2026-05-16T16:22:46+00:00,1778948566.649,99.86,50.887,125.789,40.45,80.732,155.643,51.87,36.01,35.78,35.83
2026-05-16T16:22:51+00:00,1778948571.650,99.86,50.890,125.789,40.46,80.741,155.643,51.88,35.68,35.71,35.81
2026-05-16T16:22:56+00:00,1778948576.651,99.86,50.894,125.789,40.46,80.751,155.643,51.88,35.95,35.77,35.82
2026-05-16T16:23:01+00:00,1778948581.653,99.87,50.901,125.789,40.47,80.758,155.643,51.89,35.63,35.71,35.80
2026-05-16T16:23:06+00:00,1778948586.654,99.86,50.912,125.789,40.47,80.764,155.643,51.89,35.42,35.66,35.79
2026-05-16T16:23:11+00:00,1778948591.655,99.86,50.922,125.789,40.48,80.771,155.643,51.90,35.31,35.63,35.78
2026-05-16T16:23:16+00:00,1778948596.657,99.86,50.927,125.789,40.49,80.780,155.643,51.90,35.04,35.57,35.76
2026-05-16T16:23:21+00:00,1778948601.658,99.87,50.938,125.789,40.50,80.788,155.643,51.91,34.88,35.53,35.74
2026-05-16T16:23:26+00:00,1778948606.660,99.86,50.948,125.789,40.50,80.795,155.643,51.91,34.81,35.50,35.73
2026-05-16T16:23:31+00:00,1778948611.661,99.87,50.956,125.789,40.51,80.800,155.643,51.91,35.30,35.60,35.76
2026-05-16T16:23:36+00:00,1778948616.662,99.86,50.967,125.789,40.52,80.807,155.643,51.92,35.36,35.60,35.76
2026-05-16T16:23:41+00:00,1778948621.664,99.86,50.971,125.789,40.52,80.815,155.643,51.92,35.17,35.56,35.75
2026-05-16T16:23:46+00:00,1778948626.665,99.86,51.079,125.789,40.61,80.822,155.643,51.93,35.80,35.68,35.79
2026-05-16T16:23:51+00:00,1778948631.666,99.85,51.069,125.789,40.60,80.833,155.643,51.93,35.49,35.62,35.77
2026-05-16T16:23:56+00:00,1778948636.668,99.87,51.079,125.789,40.61,80.846,155.643,51.94,35.21,35.56,35.74
2026-05-16T16:24:01+00:00,1778948641.669,99.87,51.077,125.789,40.61,80.863,155.643,51.95,35.52,35.62,35.76
2026-05-16T16:24:06+00:00,1778948646.670,99.86,51.071,125.789,40.60,80.878,155.643,51.96,36.28,35.77,35.81
2026-05-16T16:24:11+00:00,1778948651.672,99.87,51.062,125.789,40.59,80.890,155.643,51.97,36.82,35.89,35.85
2026-05-16T16:24:16+00:00,1778948656.673,99.87,51.064,125.789,40.59,80.900,155.643,51.98,36.43,35.83,35.83
2026-05-16T16:24:21+00:00,1778948661.674,99.85,51.061,125.789,40.59,80.909,155.643,51.98,37.28,36.01,35.89
2026-05-16T16:24:26+00:00,1778948666.676,99.87,51.072,125.789,40.60,80.918,155.643,51.99,37.73,36.13,35.93
2026-05-16T16:24:31+00:00,1778948671.677,99.86,51.081,125.789,40.61,80.926,155.643,51.99,37.52,36.11,35.92
2026-05-16T16:24:36+00:00,1778948676.678,99.86,51.089,125.789,40.62,80.932,155.643,52.00,38.12,36.26,35.97
2026-05-16T16:24:41+00:00,1778948681.680,99.87,51.099,125.789,40.62,80.939,155.643,52.00,38.35,36.34,36.00
2026-05-16T16:24:46+00:00,1778948686.681,99.87,51.109,125.789,40.63,80.946,155.643,52.01,38.64,36.43,36.03
2026-05-16T16:24:51+00:00,1778948691.682,99.86,51.118,125.789,40.64,80.953,155.643,52.01,38.19,36.38,36.02
