hours,cpu,mem,disk
0.0000,5.68,1.81,24.73
0.0806,99.99,11.32,24.83
0.1611,99.93,13.23,25.37
0.2419,99.91,14.25,25.77
0.3239,99.91,14.79,26.13
0.4044,99.89,15.12,26.50
0.4850,99.89,15.30,26.85
0.5656,99.89,15.50,27.21
0.6475,99.87,15.73,27.56
0.7281,99.83,16.15,27.91
0.8086,99.86,17.05,28.31
0.8892,99.86,17.83,28.70
0.9711,99.88,18.82,29.11
1.0517,99.87,19.39,29.49
1.1322,99.87,19.80,29.87
1.2131,99.88,20.17,30.28
1.2950,99.85,20.71,30.65
1.3756,99.87,21.09,31.06
1.4561,99.85,21.54,31.44
1.5367,99.86,22.00,31.84
1.6186,99.86,22.47,32.22
1.6992,99.86,22.94,32.59
1.7797,99.85,23.22,32.99
1.8603,99.86,23.57,33.38
1.9422,99.84,24.16,33.77
2.0228,99.86,24.61,34.16
2.1033,99.84,24.98,34.54
2.1839,99.84,25.50,34.94
2.2661,99.87,25.80,35.33
2.3467,99.85,26.28,35.72
2.4272,99.86,26.73,36.13
2.5078,99.84,27.17,36.51
2.5897,99.85,27.62,36.93
2.6703,99.86,28.04,37.31
2.7508,99.83,28.55,37.70
2.8314,99.85,28.91,38.10
2.9133,99.87,29.30,38.48
2.9939,99.85,29.72,38.88
3.0744,99.85,30.13,39.26
3.1550,99.86,30.50,39.63
3.2369,99.85,30.98,40.03
3.3178,99.85,31.40,40.40
3.3983,99.83,31.89,40.77
3.4789,99.84,32.23,41.16
3.5608,99.83,32.64,41.54
3.6414,99.84,33.06,41.89
3.7219,99.84,33.53,42.28
3.8025,99.83,33.92,42.66
3.8844,99.86,34.37,43.03
3.9650,99.86,34.75,43.41
4.0456,99.82,35.18,43.77
4.1261,99.87,35.67,44.14
4.2081,99.84,36.01,44.52
4.2886,99.82,36.42,44.89
4.3694,99.87,36.93,45.26
4.4500,99.85,37.28,45.65
4.5319,99.85,37.70,46.03
4.6125,99.86,38.20,46.40
4.6931,99.85,38.57,46.79
4.7736,99.84,38.97,47.17
4.8556,99.87,39.33,47.57
4.9361,99.85,39.78,47.95
5.0167,99.84,40.17,48.34
5.0972,99.85,40.74,48.74
5.1792,99.86,41.15,49.12
5.2597,99.84,41.63,49.49
5.3406,99.86,41.99,49.88
5.4211,99.86,42.35,50.26
5.5031,99.84,42.80,50.64
5.5836,99.83,43.24,51.00
5.6642,99.84,43.61,51.40
5.7447,99.83,44.05,51.78
5.8267,99.84,44.54,52.16
5.9072,99.87,44.94,52.55
5.9878,99.86,45.34,52.93
6.0683,99.86,45.74,53.30
6.1503,99.84,46.24,53.69
6.2308,99.85,46.61,54.08
6.3114,99.81,47.02,54.45
6.3922,99.84,47.51,54.83
6.4742,99.85,47.89,55.23
6.5547,99.87,48.29,55.60
6.6353,99.84,48.79,55.97
6.7158,99.84,49.14,56.38
6.7978,99.84,49.55,56.76
6.8783,99.86,49.90,57.12
6.9589,99.86,50.32,57.53
7.0394,99.84,50.72,57.90
7.1214,99.84,51.12,58.27
7.2019,99.86,51.55,58.67
7.2825,99.86,51.96,59.05
7.3631,99.77,52.37,59.41
7.4453,99.82,52.88,59.80
7.5258,99.84,53.25,60.19
7.6064,99.85,53.69,60.56
7.6869,99.84,54.04,60.93
7.7689,99.83,54.52,61.30
7.8494,99.86,54.88,61.67
7.9300,99.84,55.25,62.04
8.0106,99.82,55.62,62.41
8.0925,99.86,56.07,62.78
8.1731,99.83,56.58,63.17
8.2536,99.86,56.90,63.55
8.3342,99.86,57.32,63.91
8.4164,99.82,57.81,64.31
8.4969,99.85,58.19,64.69
8.5775,99.85,58.61,65.05
8.6581,99.85,58.99,65.42
8.7400,99.82,59.45,65.81
8.8206,99.84,59.82,66.18
8.9011,99.81,60.21,66.54
8.9817,99.82,60.64,66.92
9.0636,99.84,61.01,67.31
9.1442,99.83,61.39,67.69
9.2247,99.84,61.78,68.06
9.3053,99.85,62.24,68.43
9.3875,99.84,62.65,68.81
9.4681,99.86,63.06,69.19
9.5486,99.81,63.53,69.55
9.6292,99.84,63.89,69.94
9.7111,99.83,64.29,70.31
9.7917,99.85,64.65,70.66
9.8722,99.82,65.15,71.02
9.9528,99.84,65.46,71.42
10.0347,99.84,65.84,71.79
10.1153,99.83,66.37,72.15
10.1958,99.84,66.69,72.55
10.2764,99.84,67.06,72.91
10.3583,99.84,67.55,73.28
10.4392,99.82,68.02,73.67
10.5197,99.82,68.33,74.04
10.6003,99.84,68.73,74.41
10.6822,99.82,69.15,74.78
10.7628,99.84,69.62,75.14
10.8433,99.82,70.03,75.52
10.9239,99.84,70.33,75.90
11.0058,99.86,70.74,76.27
11.0864,99.82,71.12,76.63
11.1669,99.84,71.51,77.03
11.2475,99.84,71.93,77.40
11.3294,99.83,72.36,77.76
11.4103,99.83,72.82,78.16
11.4908,99.83,73.20,78.53
11.5714,99.84,73.65,78.89
11.6533,99.84,74.02,79.28
11.7339,99.85,74.67,79.66
11.8144,99.83,75.00,80.04
11.8950,99.84,75.23,80.37
11.9769,99.81,75.72,80.74
12.0575,99.85,76.01,81.13
12.1381,99.83,76.40,81.52
12.2186,99.86,76.76,81.89
12.3006,99.81,77.37,82.25
12.3811,99.81,77.61,82.65
12.4619,99.84,78.00,83.01
12.5425,99.84,78.40,83.38
12.6244,99.82,78.90,83.77
12.7050,99.86,79.24,84.15
12.7856,99.84,79.62,84.51
12.8661,99.83,80.08,84.87
12.9481,99.84,80.48,85.26
13.0286,99.84,80.90,85.63
13.1092,99.77,81.29,85.99
13.1897,99.81,81.70,86.35
13.2717,99.83,82.10,86.73
13.3522,99.83,82.49,87.10
13.4328,99.84,83.03,87.47
13.5136,99.84,83.35,87.83
13.5956,99.82,83.77,88.22
13.6761,99.84,84.24,88.59
13.7567,99.84,84.65,88.95
13.8372,99.84,85.06,89.33
13.9192,99.82,85.46,89.72
13.9997,99.84,85.87,90.08
14.0803,99.82,86.33,90.44
14.1608,99.83,86.71,90.84
14.2428,99.82,87.11,91.21
14.3233,99.81,87.49,91.57
14.4039,99.83,87.97,91.94
14.4847,99.84,88.32,92.33
14.5667,99.82,88.73,92.70
14.6472,99.84,89.10,93.07
14.7278,99.85,89.50,93.43
14.8083,99.83,89.93,93.82
14.8903,99.83,90.32,94.20
14.9708,99.84,90.71,94.56
15.0514,99.83,91.13,94.92
15.1319,99.82,91.51,95.31
15.2139,99.82,91.89,95.68
15.2944,99.82,92.26,96.04
15.3750,99.80,92.68,96.45
15.4556,99.84,93.13,96.81
15.5378,99.82,93.57,97.17
15.6183,99.80,93.94,97.55
15.6989,99.77,94.41,97.93
15.7794,99.82,94.75,98.30
15.8614,99.82,95.15,98.68
15.9419,99.84,95.57,99.05
16.0225,99.82,95.94,99.41
16.1031,99.80,96.41,99.79
